Date,Creek,Branch,Replicate,Fish Treatment,Species,Number Caught,Nekton density
01-Sep-2003,CL,Left,1,AMB,FUH,88,2.93
01-Sep-2003,CL,Right,1,AMB,FUH,114,3.80
01-Sep-2003,CL,Right,1,AMB,MEM,5,0.17
01-Sep-2003,CL,Right,1,AMB,PAP,114,3.80
01-Sep-2003,NE,Right,1,AMB,ANR,2,0.07
01-Sep-2003,NE,Left,1,AMB,FUH,110,3.67
01-Sep-2003,NE,Right,1,AMB,FUH,110,3.67
01-Sep-2003,NE,Left,1,AMB,MEM,2,0.07
01-Sep-2003,NE,Right,1,AMB,MEM,15,0.50
01-Sep-2003,NE,Right,1,AMB,PAP,317,10.57
01-Sep-2003,SW,Right,1,AMB,APQ,2,0.07
01-Sep-2003,SW,Left,1,AMB,FUH,48,1.60
01-Sep-2003,SW,Right,1,AMB,FUH,78,2.60
01-Sep-2003,SW,Left,1,AMB,MEM,1,0.03
01-Sep-2003,SW,Left,1,AMB,PAP,96,3.20
01-Sep-2003,SW,Right,1,AMB,PAP,124,4.13
01-Sep-2003,WE,Left,1,AMB,FUH,184,6.13
01-Sep-2003,WE,Right,1,AMB,FUH,120,4.00
01-Sep-2003,WE,Right,1,AMB,MEM,1,0.03
01-Sep-2003,WE,Left,1,AMB,PAP,132,4.40
01-Sep-2003,WE,Right,1,AMB,PAP,317,10.57
01-Oct-2003,CL,Left,1,AMB,FUH,65,2.17
01-Oct-2003,CL,Right,1,AMB,FUH,117,3.90
01-Oct-2003,CL,Right,1,AMB,GRC,1,0.03
01-Oct-2003,CL,Left,1,AMB,PAP,41,1.37
01-Oct-2003,CL,Right,1,AMB,PAP,27,0.90
01-Oct-2003,NE,Left,1,AMB,FUH,226,7.53
01-Oct-2003,NE,Right,1,AMB,FUH,91,3.03
01-Oct-2003,NE,Left,1,AMB,PAP,154,5.13
01-Oct-2003,NE,Right,1,AMB,PAP,82,2.73
01-Oct-2003,SW,Left,1,AMB,APQ,1,0.03
01-Oct-2003,SW,Left,1,AMB,FUH,4,0.13
01-Oct-2003,SW,Right,1,AMB,FUH,39,1.30
01-Oct-2003,SW,Right,1,AMB,MEM,3,0.10
01-Oct-2003,WE,Left,1,AMB,FUH,73,2.43
01-Oct-2003,WE,Right,1,AMB,MEM,6,0.20
01-Oct-2003,WE,Left,1,AMB,PAP,274,9.13
01-Oct-2003,WE,Right,1,AMB,PAP,292,9.73
30-Jun-2004,SW,Left,1,AMB,MEM,4,0.13
30-Jun-2004,SW,Left,1,AMB,PAP,265,8.83
30-Jun-2004,SW,Left,1,AMB,PUP,18,0.60
30-Jun-2004,WE,Left,1,AMB,CRS,10,0.33
30-Jun-2004,WE,Left,1,AMB,FUH,32,1.07
30-Jun-2004,WE,Right,1,LOW,PAP,123,4.10
30-Jun-2004,WE,Left,1,AMB,PAP,102,3.40
30-Jul-2004,CL,Left,1,AMB,FUH,78,2.60
30-Jul-2004,CL,Right,1,AMB,FUH,6,0.20
30-Jul-2004,CL,Left,1,AMB,MEM,5,0.17
30-Jul-2004,CL,Left,1,AMB,PAP,40,1.33
30-Jul-2004,CL,Right,1,AMB,PAP,15,0.50
30-Jul-2004,NE,Right,1,AMB,CRS,3,0.10
30-Jul-2004,NE,Left,1,AMB,FUH,18,0.60
30-Jul-2004,NE,Right,1,AMB,FUH,7,0.23
30-Jul-2004,NE,Left,1,AMB,MEM,8,0.27
30-Jul-2004,NE,Right,1,AMB,MEM,32,1.07
30-Jul-2004,NE,Left,1,AMB,PAP,38,1.27
30-Jul-2004,NE,Right,1,AMB,PAP,57,1.90
30-Jul-2004,SW,Left,1,AMB,CRS,1,0.03
30-Jul-2004,SW,Left,1,AMB,FUH,20,0.67
30-Jul-2004,SW,Left,1,AMB,MEM,4,0.13
30-Jul-2004,SW,Right,1,LOW,PAP,128,4.27
30-Jul-2004,SW,Left,1,AMB,PAP,27,0.90
30-Jul-2004,SW,Right,1,LOW,PUP,2,0.07
30-Jul-2004,WE,Left,1,AMB,CRS,9,0.30
30-Jul-2004,WE,Right,1,LOW,FUH,4,0.13
30-Jul-2004,WE,Left,1,AMB,FUH,65,2.17
30-Jul-2004,WE,Right,1,LOW,MEM,5,0.17
30-Jul-2004,WE,Left,1,AMB,MEM,4,0.13
30-Jul-2004,WE,Right,1,LOW,PAP,166,5.53
30-Jul-2004,WE,Left,1,AMB,PAP,31,1.03
30-Aug-2004,CL,Left,1,AMB,FUH,45,1.50
30-Aug-2004,CL,Right,1,AMB,FUH,27,0.90
30-Aug-2004,CL,Right,1,AMB,MEM,7,0.23
30-Aug-2004,CL,Left,1,AMB,PAP,107,3.57
30-Aug-2004,CL,Right,1,AMB,PAP,118,3.93
30-Aug-2004,NE,Right,1,AMB,ANR,1,0.03
30-Aug-2004,NE,Left,1,AMB,FUH,46,1.53
30-Aug-2004,NE,Right,1,AMB,FUH,44,1.47
30-Aug-2004,NE,Left,1,AMB,MEM,1,0.03
30-Aug-2004,NE,Right,1,AMB,MEM,5,0.17
30-Aug-2004,NE,Left,1,AMB,PAP,91,3.03
30-Aug-2004,NE,Right,1,AMB,PAP,104,3.47
30-Aug-2004,SW,Right,1,LOW,FUH,23,0.77
30-Aug-2004,SW,Left,1,AMB,FUH,22,0.73
30-Aug-2004,SW,Right,1,AMB,FUH,1,0.03
30-Aug-2004,SW,Left,1,AMB,MEM,5,0.17
30-Aug-2004,SW,Right,1,LOW,PAP,75,2.50
30-Aug-2004,SW,Left,1,AMB,PAP,10,0.33
30-Aug-2004,SW,Right,1,LOW,PUP,3,0.10
30-Aug-2004,WE,Right,1,LOW,FUH,7,0.23
30-Aug-2004,WE,Left,1,AMB,FUH,33,1.10
30-Aug-2004,WE,Left,1,AMB,PAP,37,1.23
30-Sep-2004,CL,Left,1,AMB,FUH,46,1.53
30-Sep-2004,CL,Right,1,AMB,FUH,4,0.13
30-Sep-2004,CL,Left,1,AMB,PAP,109,3.63
30-Sep-2004,CL,Right,1,AMB,PAP,50,1.67
30-Sep-2004,NE,Left,1,AMB,FUH,23,0.77
30-Sep-2004,NE,Right,1,AMB,FUH,18,0.60
30-Sep-2004,NE,Right,1,AMB,MEM,1,0.03
30-Sep-2004,NE,Left,1,AMB,PAP,102,3.40
30-Sep-2004,NE,Right,1,AMB,PAP,37,1.23
30-Sep-2004,SW,Left,1,AMB,FUH,43,1.43
30-Sep-2004,SW,Left,1,AMB,PAP,76,2.53
30-Sep-2004,SW,Left,1,AMB,PUP,2,0.07
30-Sep-2004,WE,Left,1,AMB,CRS,3,0.10
30-Sep-2004,WE,Right,1,LOW,FUH,11,0.37
30-Sep-2004,WE,Left,1,AMB,FUH,8,0.27
30-Sep-2004,WE,Right,1,LOW,GRC,1,0.03
30-Sep-2004,WE,Right,1,LOW,MEM,1,0.03
30-Sep-2004,WE,Left,1,AMB,MEM,2,0.07
30-Sep-2004,WE,Right,1,LOW,PAP,101,3.37
30-Sep-2004,WE,Left,1,AMB,PAP,127,4.23
05-Jun-2005,CL,Left,1,AMB,FUH,14,0.47
05-Jun-2005,CL,Right,1,AMB,FUH,5,0.17
05-Jun-2005,CL,Left,1,AMB,PAP,100,3.33
05-Jun-2005,CL,Right,1,AMB,PAP,12,0.40
05-Jun-2005,CL,Left,1,AMB,PUP,1,0.03
05-Jun-2005,NE,Left,1,AMB,APQ,3,0.10
05-Jun-2005,NE,Left,1,AMB,FUH,3,0.10
05-Jun-2005,NE,Left,1,AMB,FUH,27,0.90
05-Jun-2005,NE,Left,1,AMB,PAP,99,3.30
05-Jun-2005,NE,Left,1,AMB,PUP,2,0.07
05-Jun-2005,SW,Right,1,LOW,FUH,2,0.07
05-Jun-2005,SW,Left,1,AMB,FUH,2,0.07
05-Jun-2005,SW,Left,1,AMB,GRC,1,0.03
05-Jun-2005,SW,Right,1,LOW,PAP,20,0.67
05-Jun-2005,SW,Right,1,LOW,PUP,2,0.07
05-Jun-2005,SW,Left,1,AMB,PUP,2,0.07
05-Jun-2005,WE,Right,1,LOW,CRS,1,0.03
05-Jun-2005,WE,Right,1,LOW,FUH,8,0.27
05-Jun-2005,WE,Left,1,AMB,FUH,2,0.07
05-Jun-2005,WE,Right,1,LOW,PAP,68,2.27
05-Jun-2005,WE,Left,1,AMB,PAP,3,0.10
05-Jun-2005,WE,Right,1,LOW,PUP,1,0.03
22-Jun-2005,NE,Right,1,AMB,FUH,15,0.50
22-Jun-2005,NE,Right,1,AMB,PAP,4,0.13
22-Jun-2005,NE,Right,1,AMB,PUP,1,0.03
05-Jul-2005,CL,Left,1,AMB,CLU,1,0.03
05-Jul-2005,CL,Left,1,AMB,FUH,38,1.27
05-Jul-2005,CL,Right,1,AMB,FUH,3,0.10
05-Jul-2005,CL,Left,1,AMB,MEM,45,1.50
05-Jul-2005,CL,Left,1,AMB,PAP,30,1.00
05-Jul-2005,NE,Right,1,AMB,ANR,2,0.07
05-Jul-2005,NE,Left,1,AMB,CRS,1,0.03
05-Jul-2005,NE,Left,1,AMB,FUH,25,0.83
05-Jul-2005,NE,Right,1,AMB,FUH,25,0.83
05-Jul-2005,NE,Left,1,AMB,MEM,47,1.57
05-Jul-2005,NE,Right,1,AMB,PAP,56,1.87
05-Jul-2005,SW,Right,1,LOW,CLU,2,0.07
05-Jul-2005,SW,Left,1,AMB,CLU,1,0.03
05-Jul-2005,SW,Left,1,AMB,CRS,5,0.17
05-Jul-2005,SW,Right,1,LOW,FUH,17,0.57
05-Jul-2005,SW,Left,1,AMB,FUH,30,1.00
05-Jul-2005,SW,Right,1,LOW,MEM,26,0.87
05-Jul-2005,SW,Left,1,AMB,MEM,15,0.50
05-Jul-2005,SW,Right,1,LOW,PAP,25,0.83
05-Jul-2005,SW,Left,1,AMB,PAP,34,1.13
05-Jul-2005,SW,Right,1,LOW,PUP,1,0.03
05-Jul-2005,SW,Right,1,LOW,SYF,1,0.03
05-Jul-2005,WE,Right,1,LOW,CRS,1,0.03
05-Jul-2005,WE,Right,1,LOW,FUH,26,0.87
05-Jul-2005,WE,Left,1,AMB,FUH,3,0.10
05-Jul-2005,WE,Right,1,LOW,GRC,1,0.03
05-Jul-2005,WE,Right,1,LOW,MEM,2,0.07
05-Jul-2005,WE,Left,1,AMB,MEM,1,0.03
05-Jul-2005,WE,Right,1,LOW,PAP,88,2.93
05-Jul-2005,WE,Left,1,AMB,PAP,4,0.13
05-Jul-2005,WE,Right,1,LOW,PUP,1,0.03
05-Aug-2005,CL,Left,1,AMB,FUH,102,3.40
05-Aug-2005,CL,Right,1,AMB,FUH,28,0.93
05-Aug-2005,CL,Left,1,AMB,MEM,3,0.10
05-Aug-2005,CL,Left,1,AMB,PAP,102,3.40
05-Aug-2005,CL,Right,1,AMB,PAP,29,0.97
05-Aug-2005,NE,Left,1,AMB,FUH,24,0.80
05-Aug-2005,NE,Right,1,AMB,FUH,38,1.27
05-Aug-2005,NE,Left,1,AMB,PAP,72,2.40
05-Aug-2005,SW,Right,1,LOW,FUH,14,0.47
05-Aug-2005,SW,Left,1,AMB,FUH,52,1.73
05-Aug-2005,SW,Right,1,LOW,PAP,44,1.47
05-Aug-2005,SW,Left,1,AMB,PAP,84,2.80
05-Aug-2005,WE,Right,1,LOW,FUH,63,2.10
05-Aug-2005,WE,Left,1,AMB,MEM,22,0.73
05-Aug-2005,WE,Left,1,AMB,PAP,59,1.97
23-Aug-2005,WE,Left,1,AMB,FUH,66,2.20
05-Sep-2005,CL,Left,1,AMB,FUH,120,4.00
05-Sep-2005,CL,Right,1,AMB,FUH,33,1.10
05-Sep-2005,CL,Left,1,AMB,GRC,1,0.03
05-Sep-2005,CL,Left,1,AMB,MEM,3,0.10
05-Sep-2005,CL,Right,1,AMB,MEM,3,0.10
05-Sep-2005,CL,Left,1,AMB,PAP,100,3.33
05-Sep-2005,CL,Right,1,AMB,PAP,151,5.03
05-Sep-2005,NE,Left,1,AMB,CRS,1,0.03
05-Sep-2005,NE,Left,1,AMB,FUH,50,1.67
05-Sep-2005,NE,Right,1,AMB,FUH,34,1.13
05-Sep-2005,NE,Left,1,AMB,PAP,82,2.73
05-Sep-2005,NE,Right,1,AMB,PAP,96,3.20
05-Sep-2005,NE,Left,1,AMB,XAN ,1,0.03
05-Sep-2005,SW,Right,1,LOW,FUH,71,2.37
05-Sep-2005,SW,Left,1,AMB,FUH,102,3.40
05-Sep-2005,SW,Right,1,LOW,PAP,92,3.07
05-Sep-2005,SW,Left,1,AMB,PAP,32,1.07
05-Sep-2005,WE,Right,1,LOW,FUH,74,2.47
05-Sep-2005,WE,Left,1,AMB,FUH,98,3.27
05-Sep-2005,WE,Right,1,LOW,PAP,98,3.27
05-Sep-2005,WE,Left,1,AMB,PAP,59,1.97
06-Jun-2006,SW,Right,1,LOW,FUH,6,0.20
06-Jun-2006,SW,Left,1,AMB,FUH,15,0.50
06-Jun-2006,SW,Right,1,LOW,PAP,5,0.17
06-Jun-2006,SW,Left,1,AMB,PAP,210,7.00
06-Jun-2006,WE,Right,1,LOW,FUH,59,1.97
06-Jun-2006,WE,Left,1,AMB,FUH,8,0.27
06-Jun-2006,WE,Right,1,LOW,PAP,176,5.87
06-Jun-2006,WE,Left,1,AMB,PAP,42,1.40
06-Jul-2006,SW,Right,1,LOW,ANR,1,0.03
06-Jul-2006,SW,Right,1,LOW,FUH,34,1.13
06-Jul-2006,SW,Left,1,AMB,FUH,26,0.87
06-Jul-2006,SW,Left,1,AMB,MEM,2,0.07
06-Jul-2006,SW,Right,1,LOW,PAP,158,5.27
06-Jul-2006,SW,Left,1,AMB,PAP,24,0.80
06-Jul-2006,WE,Right,1,LOW,FUH,38,1.27
06-Jul-2006,WE,Left,1,AMB,FUH,18,0.60
06-Jul-2006,WE,Left,1,AMB,MEM,2,0.07
06-Jul-2006,WE,Right,1,LOW,PAP,110,3.67
06-Jul-2006,WE,Left,1,AMB,PAP,82,2.73
06-Aug-2006,SW,Right,1,LOW,FUH,224,7.47
06-Aug-2006,SW,Left,1,AMB,FUH,19,0.63
06-Aug-2006,SW,Left,1,AMB,GRC,1,0.03
06-Aug-2006,SW,Right,1,LOW,PAP,148,4.93
06-Aug-2006,SW,Left,1,AMB,PAP,259,8.63
06-Aug-2006,WE,Right,1,LOW,ANR,2,0.07
06-Aug-2006,WE,Left,1,AMB,ANR,1,0.03
06-Aug-2006,WE,Right,1,LOW,FUH,330,11.00
06-Aug-2006,WE,Left,1,AMB,FUH,205,6.83
06-Aug-2006,WE,Right,1,LOW,MEM,36,1.20
06-Aug-2006,WE,Left,1,AMB,MEM,4,0.13
06-Aug-2006,WE,Right,1,LOW,PAP,278,9.27
06-Aug-2006,WE,Left,1,AMB,PAP,244,8.13
06-Sep-2006,SW,Right,1,LOW,ANR,1,0.03
06-Sep-2006,SW,Right,1,LOW,CRS,12,0.40
06-Sep-2006,SW,Right,1,LOW,FUH,15,0.50
06-Sep-2006,SW,Left,1,AMB,FUH,6,0.20
06-Sep-2006,SW,Right,1,LOW,GRC,1,0.03
06-Sep-2006,SW,Right,1,LOW,PAP,1472,49.07
06-Sep-2006,SW,Left,1,AMB,PAP,218,7.27
06-Sep-2006,WE,Left,1,AMB,ANR,1,0.03
06-Sep-2006,WE,Left,1,AMB,APQ,1,0.03
06-Sep-2006,WE,Right,1,LOW,CLU,2,0.07
06-Sep-2006,WE,Right,1,LOW,FUH,17,0.57
06-Sep-2006,WE,Right,1,LOW,MEM,3,0.10
06-Sep-2006,WE,Right,1,LOW,PAP,300,10.00
06-Sep-2006,WE,Left,1,AMB,PAP,437,14.57
26-Jun-2009,WE,Left,1,AMB,FUH,1,0.10
27-Jun-2009,NE,Left,1,AMB,FUH,3,0.30
27-Jun-2009,NE,Left,1,AMB,PAP,1,0.10
27-Jun-2009,SW,Left,1,AMB,FUH,1,0.10
27-Jun-2009,SW,Left,1,AMB,PAP,2,0.20
27-Jun-2009,SW,Left,1,AMB,FUH,1,0.10
27-Jun-2009,SW,Left,1,AMB,PAP,2,0.20
22-Jul-2009,CL,Right,1,AMB,FUH,1,0.10
22-Jul-2009,CL,Right,1,AMB,FUH,8,0.80
22-Jul-2009,CL,Right,1,AMB,FUH,7,0.70
22-Jul-2009,WE,Left,1,AMB,FUH,12,1.20
22-Jul-2009,WE,Right,1,AMB,FUH,9,0.90
22-Jul-2009,WE,Right,1,AMB,FUH,4,0.40
22-Jul-2009,WE,Right,1,AMB,MEM,2,0.20
22-Jul-2009,WE,Left,1,AMB,PAP,1,0.10
23-Jul-2009,NE,Left,1,AMB,FUH,5,0.50
23-Jul-2009,NE,Left,1,AMB,FUH,1,0.10
23-Jul-2009,SW,Left,1,AMB,FUH,4,0.40
23-Jul-2009,SW,Left,1,AMB,FUH,1,0.10
23-Jul-2009,SW,Right,1,AMB,FUH,5,0.50
23-Jul-2009,SW,Right,1,AMB,FUH,18,1.80
23-Jul-2009,SW,Left,1,AMB,PAP,2,0.20
23-Jul-2009,SW,Left,1,AMB,PAP,2,0.20
23-Jul-2009,SW,Right,1,AMB,PAP,2,0.20
18-Aug-2009,NE,Left,1,AMB,FUH,8,0.80
18-Aug-2009,NE,Left,1,AMB,FUH,4,0.40
18-Aug-2009,SW,Left,1,AMB,FUH,8,0.80
18-Aug-2009,SW,Left,1,AMB,FUH,6,0.60
18-Aug-2009,SW,Right,1,AMB,FUH,11,1.10
18-Aug-2009,SW,Right,1,AMB,FUH,7,0.70
18-Aug-2009,SW,Left,1,AMB,PAP,19,1.90
19-Aug-2009,CL,Right,1,AMB,FUH,4,0.40
19-Aug-2009,CL,Right,1,AMB,FUH,2,0.20
19-Aug-2009,CL,Right,1,AMB,MEM,6,0.60
19-Aug-2009,WE,Left,1,AMB,FUH,4,0.40
19-Aug-2009,WE,Left,1,AMB,FUH,3,0.30
19-Aug-2009,WE,Right,1,AMB,FUH,11,1.10
19-Aug-2009,WE,Right,1,AMB,FUH,2,0.20
19-Aug-2009,WE,Left,1,AMB,MEM,4,0.40
19-Aug-2009,WE,Right,1,AMB,MEM,2,0.20
19-Aug-2009,WE,Left,1,AMB,PAP,6,0.60
19-Aug-2009,WE,Left,1,AMB,PAP,1,0.10
19-Aug-2009,WE,Right,1,AMB,PAP,1,0.10
16-Jun-2010,CL,Right,1,AMB,XAN ,5,0.50
16-Jun-2010,SW,Left,1,AMB,XAN ,1,0.10
16-Jun-2010,WE,Left,1,AMB,ANR,1,0.10
16-Jun-2010,WE,Right,1,AMB,FUH,2,0.20
16-Jun-2010,WE,Left,1,AMB,PAP,1,0.10
16-Jun-2010,WE,Left,1,AMB,XAN ,1,0.10
16-Jun-2010,WE,Right,1,AMB,XAN ,2,0.20
14-Jul-2010,CL,Right,1,AMB,FUH,8,0.80
14-Jul-2010,CL,Right,1,AMB,XAN ,4,0.40
14-Jul-2010,NE,Left,1,AMB,FUH,17,1.70
14-Jul-2010,NE,Left,1,AMB,PAP,1,0.10
14-Jul-2010,SW,Right,1,AMB,ANR,1,0.10
14-Jul-2010,SW,Left,1,AMB,FUH,2,0.20
14-Jul-2010,SW,Right,1,AMB,FUH,10,1.00
14-Jul-2010,WE,Left,1,AMB,FUH,8,0.80
14-Jul-2010,WE,Right,1,AMB,FUH,4,0.40
14-Jul-2010,WE,Right,1,AMB,PAP,1,0.10
14-Jul-2010,WE,Left,1,AMB,XAN ,1,0.10
11-Aug-2010,CL,Right,1,AMB,FUH,2,0.20
11-Aug-2010,CL,Right,1,AMB,MEM,4,0.40
11-Aug-2010,NE,Left,1,AMB,FUH,29,2.90
11-Aug-2010,NE,Left,1,AMB,XAN ,2,0.20
11-Aug-2010,SW,Left,1,AMB,FUH,13,1.30
11-Aug-2010,SW,Right,1,AMB,FUH,5,0.50
11-Aug-2010,SW,Left,1,AMB,PAP,1,0.10
11-Aug-2010,WE,Left,1,AMB,FUH,1,0.10
11-Aug-2010,WE,Right,1,AMB,FUH,10,1.00
11-Aug-2010,WE,Right,1,AMB,MEM,1,0.10
11-Aug-2010,WE,Right,1,AMB,PAP,3,0.30
11-Aug-2010,WE,Right,1,AMB,XAN ,1,0.10
11-Sep-2010,SW,Right,1,AMB,FUH,6,0.60
11-Sep-2010,SW,Left,1,AMB,PAP,3,0.30
11-Sep-2010,SW,Left,1,AMB,XAN ,2,0.20
11-Sep-2010,SW,Right,1,AMB,XAN ,1,0.10
11-Sep-2010,WE,Right,1,AMB,CRS,1,0.10
11-Sep-2010,WE,Right,1,AMB,FUH,5,0.50
11-Sep-2010,WE,Right,1,AMB,MEM,1,0.10
11-Sep-2010,WE,Right,1,AMB,PAP,1,0.10
11-Sep-2010,WE,Left,1,AMB,XAN ,1,0.10
14-Jun-2011,CL,Left,1,AMB,FUH,1,0.03
14-Jun-2011,WE,Left,1,AMB,FUH,6,0.20
14-Jun-2011,WE,Right,1,AMB,FUH,6,0.20
14-Jun-2011,WE,Left,1,AMB,GRC,1,0.03
14-Jun-2011,WE,Right,1,AMB,GRC,1,0.03
14-Jun-2011,WE,Left,1,AMB,PAP,2,0.07
16-Jun-2011,CL,Left,1,AMB,FUH,5,0.17
16-Jun-2011,WE,Left,1,AMB,FUH,8,0.27
16-Jun-2011,WE,Right,1,AMB,FUH,26,0.87
16-Jun-2011,WE,Left,1,AMB,PAP,6,0.20
16-Jun-2011,WE,Right,1,AMB,PAP,1,0.03
16-Jun-2011,WE,Left,1,AMB,TSB,1,0.03
30-Jun-2011,SW,Left,1,AMB,ANR,1,0.03
30-Jun-2011,SW,Right,1,AMB,CRS,5,0.17
30-Jun-2011,SW,Left,1,AMB,FUH,10,0.33
30-Jun-2011,SW,Left,1,AMB,FUH,9,0.30
30-Jun-2011,SW,Right,1,AMB,FUH,20,0.67
30-Jun-2011,SW,Left,1,AMB,PAP,6,0.20
30-Jun-2011,SW,Right,1,AMB,PAP,6,0.20
30-Jun-2011,WE,Left,1,AMB,CRS,1,0.03
30-Jun-2011,WE,Left,1,AMB,FUH,59,1.97
30-Jun-2011,WE,Left,1,AMB,MEM,1,0.03
30-Jun-2011,WE,Left,1,AMB,PAP,1,0.03
28-Jul-2011,SW,Left,1,AMB,FUH,7,0.23
28-Jul-2011,SW,Left,1,AMB,FUH,41,1.37
28-Jul-2011,WE,Right,1,AMB,FUH,39,1.30
29-Jul-2011,NE,NA,1,AMB,FUH,23,0.77
29-Jul-2011,SW,Right,1,AMB,FUH,5,0.17
29-Jul-2011,SW,Right,1,AMB,FUH,29,0.97
29-Jul-2011,SW,Right,1,AMB,PAP,2,0.07
29-Jul-2011,WE,Left,1,AMB,CRS,12,0.40
29-Jul-2011,WE,Left,1,AMB,FUH,101,3.37
29-Jul-2011,WE,Left,1,AMB,MEM,14,0.47
30-Jul-2011,CL,Left,1,AMB,FUH,81,2.70
27-Aug-2011,SW,Left,1,AMB,FUH,7,0.23
27-Aug-2011,SW,Left,1,AMB,FUH,54,1.80
27-Aug-2011,SW,Left,1,AMB,PAP,5,0.17
27-Aug-2011,WE,Right,1,AMB,FUH,7,0.23
27-Aug-2011,WE,Right,1,AMB,FUH,42,1.40
24-Sep-2011,WE,Left,1,AMB,ANR,1,0.03
24-Sep-2011,WE,Left,1,AMB,CRS,6,0.20
24-Sep-2011,WE,Right,1,AMB,FUH,66,2.20
24-Sep-2011,WE,Left,1,AMB,FUH,171,5.70
24-Sep-2011,WE,Left,1,AMB,GRC,1,0.03
24-Sep-2011,WE,Right,1,AMB,PAP,28,0.93
24-Sep-2011,WE,Left,1,AMB,PAP,42,1.40
25-Sep-2011,SW,Left,1,AMB,ANR,1,0.03
25-Sep-2011,SW,Right,1,AMB,FUH,47,1.57
25-Sep-2011,SW,Left,1,AMB,FUH,20,0.67
25-Sep-2011,SW,Right,1,AMB,MEM,1,0.03
25-Sep-2011,SW,Right,1,AMB,PAP,18,0.60
25-Sep-2011,SW,Left,1,AMB,PAP,21,0.70
01-Sep-2003,CL,Left,2,AMB,FUH,108,3.60
01-Sep-2003,CL,Right,2,AMB,FUH,95,3.17
01-Sep-2003,CL,Left,2,AMB,MEM,11,0.37
01-Sep-2003,CL,Right,2,AMB,MEM,3,0.10
01-Sep-2003,CL,Left,2,AMB,PAP,269,8.97
01-Sep-2003,CL,Right,2,AMB,PAP,71,2.37
01-Sep-2003,NE,Left,2,AMB,FUH,103,3.43
01-Sep-2003,NE,Right,2,AMB,FUH,43,1.43
01-Sep-2003,NE,Right,2,AMB,MEM,5,0.17
01-Sep-2003,NE,Left,2,AMB,PAP,287,9.57
01-Sep-2003,SW,Left,2,AMB,ANR,1,0.03
01-Sep-2003,SW,Right,2,AMB,ANR,1,0.03
01-Sep-2003,SW,Right,2,AMB,APQ,1,0.03
01-Sep-2003,SW,Left,2,AMB,FUH,65,2.17
01-Sep-2003,SW,Right,2,AMB,FUH,48,1.60
01-Sep-2003,SW,Left,2,AMB,PAP,79,2.63
01-Sep-2003,WE,Left,2,AMB,FUH,81,2.70
01-Sep-2003,WE,Right,2,AMB,FUH,114,3.80
01-Sep-2003,WE,Left,2,AMB,PAP,15,0.50
01-Oct-2003,CL,Right,2,AMB,FUH,72,2.40
01-Oct-2003,CL,Right,2,AMB,GRC,1,0.03
01-Oct-2003,CL,Left,2,AMB,PAP,77,2.57
01-Oct-2003,NE,Right,2,AMB,ANR,1,0.03
01-Oct-2003,NE,Left,2,AMB,FUH,93,3.10
01-Oct-2003,NE,Right,2,AMB,FUH,94,3.13
01-Oct-2003,NE,Left,2,AMB,PAP,56,1.87
01-Oct-2003,NE,Right,2,AMB,PAP,81,2.70
01-Oct-2003,SW,Left,2,AMB,FUH,64,2.13
01-Oct-2003,SW,Right,2,AMB,FUH,61,2.03
01-Oct-2003,WE,Right,2,AMB,FUH,307,10.23
01-Oct-2003,WE,Right,2,AMB,MEM,2,0.07
30-Jun-2004,SW,Right,2,LOW,CRS,1,0.03
30-Jun-2004,SW,Right,2,LOW,PAP,86,2.87
30-Jun-2004,SW,Left,2,AMB,PAP,112,3.73
30-Jun-2004,SW,Right,2,LOW,PUP,6,0.20
30-Jun-2004,SW,Left,2,AMB,PUP,12,0.40
30-Jun-2004,WE,Left,2,AMB,CRS,2,0.07
30-Jun-2004,WE,Left,2,AMB,FUH,2,0.07
30-Jun-2004,WE,Right,2,LOW,PAP,132,4.40
30-Jun-2004,WE,Left,2,AMB,PAP,96,3.20
30-Jul-2004,CL,Right,2,AMB,CRS,3,0.10
30-Jul-2004,CL,Right,2,AMB,FUH,16,0.53
30-Jul-2004,CL,Right,2,AMB,MEM,7,0.23
30-Jul-2004,CL,Left,2,AMB,PAP,74,2.47
30-Jul-2004,CL,Right,2,AMB,PAP,23,0.77
30-Jul-2004,CL,Left,2,AMB,XAN ,1,0.03
30-Jul-2004,NE,Left,2,AMB,FUH,9,0.30
30-Jul-2004,NE,Left,2,AMB,GRC,1,0.03
30-Jul-2004,NE,Left,2,AMB,MEM,2,0.07
30-Jul-2004,NE,Left,2,AMB,PAP,49,1.63
30-Jul-2004,NE,Right,2,AMB,PAP,140,4.67
30-Jul-2004,NE,Left,2,AMB,PUP,2,0.07
30-Jul-2004,SW,Right,2,LOW,CRS,1,0.03
30-Jul-2004,SW,Right,2,LOW,FUH,7,0.23
30-Jul-2004,SW,Left,2,AMB,FUH,33,1.10
30-Jul-2004,SW,Right,2,LOW,PAP,12,0.40
30-Jul-2004,SW,Left,2,AMB,PAP,232,7.73
30-Jul-2004,WE,Left,2,AMB,CRS,7,0.23
30-Jul-2004,WE,Left,2,AMB,FUH,39,1.30
30-Jul-2004,WE,Left,2,AMB,MEM,4,0.13
30-Jul-2004,WE,Left,2,AMB,PAP,281,9.37
30-Aug-2004,CL,Left,2,AMB,ANR,1,0.03
30-Aug-2004,CL,Left,2,AMB,FUH,84,2.80
30-Aug-2004,CL,Right,2,AMB,FUH,102,3.40
30-Aug-2004,CL,Right,2,AMB,MEM,38,1.27
30-Aug-2004,CL,Left,2,AMB,PAP,194,6.47
30-Aug-2004,CL,Right,2,AMB,PAP,54,1.80
30-Aug-2004,NE,Left,2,AMB,APQ,1,0.03
30-Aug-2004,NE,Left,2,AMB,FUH,27,0.90
30-Aug-2004,NE,Right,2,AMB,FUH,71,2.37
30-Aug-2004,NE,Right,2,AMB,FUH,14,0.47
30-Aug-2004,NE,Left,2,AMB,MEM,9,0.30
30-Aug-2004,NE,Right,2,AMB,MEM,4,0.13
30-Aug-2004,NE,Left,2,AMB,PAP,73,2.43
30-Aug-2004,NE,Right,2,AMB,PAP,70,2.33
30-Aug-2004,NE,Left,2,AMB,PUP,20,0.67
30-Aug-2004,SW,Right,2,LOW,FUH,15,0.50
30-Aug-2004,SW,Right,2,LOW,PAP,23,0.77
30-Aug-2004,WE,Right,2,LOW,FUH,2,0.07
30-Aug-2004,WE,Left,2,AMB,FUH,28,0.93
30-Aug-2004,WE,Right,2,LOW,MEM,1,0.03
30-Aug-2004,WE,Left,2,AMB,MEM,3,0.10
30-Aug-2004,WE,Right,2,LOW,PAP,76,2.53
30-Aug-2004,WE,Left,2,AMB,PAP,131,4.37
30-Sep-2004,CL,Right,2,AMB,CRS,2,0.07
30-Sep-2004,CL,Left,2,AMB,FUH,58,1.93
30-Sep-2004,CL,Right,2,AMB,FUH,39,1.30
30-Sep-2004,CL,Right,2,AMB,MEM,1,0.03
30-Sep-2004,CL,Left,2,AMB,PAP,53,1.77
30-Sep-2004,CL,Right,2,AMB,PAP,32,1.07
30-Sep-2004,NE,Right,2,AMB,CRS,1,0.03
30-Sep-2004,NE,Right,2,AMB,FUH,23,0.77
30-Sep-2004,NE,Right,2,AMB,GRC,1,0.03
30-Sep-2004,NE,Right,2,AMB,PAP,186,6.20
30-Sep-2004,SW,Left,2,AMB,ANR,2,0.07
30-Sep-2004,SW,Right,2,LOW,FUH,16,0.53
30-Sep-2004,SW,Left,2,AMB,FUH,27,0.90
30-Sep-2004,SW,Right,2,LOW,PAP,83,2.77
30-Sep-2004,SW,Left,2,AMB,PAP,10,0.33
30-Sep-2004,SW,Right,2,LOW,PUP,1,0.03
30-Sep-2004,WE,Right,2,LOW,FUH,18,0.60
30-Sep-2004,WE,Left,2,AMB,FUH,64,2.13
30-Sep-2004,WE,Left,2,AMB,GRC,1,0.03
30-Sep-2004,WE,Left,2,AMB,MEM,2,0.07
30-Sep-2004,WE,Right,2,LOW,PAP,102,3.40
30-Sep-2004,WE,Left,2,AMB,PAP,32,1.07
30-Sep-2004,WE,Left,2,AMB,PUP,1,0.03
05-Jun-2005,CL,Right,2,AMB,PAP,10,0.33
05-Jun-2005,NE,Left,2,AMB,APQ,1,0.03
05-Jun-2005,NE,Left,2,AMB,PAP,11,0.37
05-Jun-2005,SW,Left,2,AMB,FUH,2,0.07
05-Jun-2005,SW,Left,2,AMB,PAP,99,3.30
05-Jun-2005,SW,Left,2,AMB,PUP,2,0.07
05-Jun-2005,WE,Right,2,LOW,FUH,7,0.23
05-Jun-2005,WE,Left,2,AMB,FUH,18,0.60
05-Jun-2005,WE,Right,2,LOW,GRC,1,0.03
05-Jun-2005,WE,Right,2,LOW,PAP,54,1.80
05-Jun-2005,WE,Left,2,AMB,PAP,39,1.30
05-Jun-2005,WE,Right,2,LOW,PUP,1,0.03
05-Jun-2005,WE,Left,2,AMB,PUP,1,0.03
22-Jun-2005,NE,Right,2,AMB,APQ,1,0.03
22-Jun-2005,NE,Right,2,AMB,FUH,79,2.63
05-Jul-2005,CL,Left,2,AMB,ANR,1,0.03
05-Jul-2005,CL,Left,2,AMB,FUH,52,1.73
05-Jul-2005,CL,Right,2,AMB,FUH,19,0.63
05-Jul-2005,CL,Left,2,AMB,MEM,2,0.07
05-Jul-2005,CL,Left,2,AMB,PAP,43,1.43
05-Jul-2005,CL,Right,2,AMB,PAP,2,0.07
05-Jul-2005,NE,Left,2,AMB,FUH,35,1.17
05-Jul-2005,NE,Right,2,AMB,FUH,33,1.10
05-Jul-2005,NE,Right,2,AMB,PAP,118,3.93
05-Jul-2005,NE,Left,2,AMB,PUP,1,0.03
05-Jul-2005,SW,Left,2,AMB,CRS,1,0.03
05-Jul-2005,SW,Left,2,AMB,FUH,27,0.90
05-Jul-2005,SW,Left,2,AMB,MEM,1,0.03
05-Jul-2005,SW,Left,2,AMB,PAP,96,3.20
05-Jul-2005,SW,Left,2,AMB,PUP,1,0.03
05-Jul-2005,WE,Right,2,LOW,FUH,3,0.10
05-Jul-2005,WE,Left,2,AMB,FUH,52,1.73
05-Jul-2005,WE,Right,2,LOW,GRC,1,0.03
05-Jul-2005,WE,Left,2,AMB,MEM,12,0.40
05-Jul-2005,WE,Right,2,LOW,PAP,40,1.33
05-Jul-2005,WE,Right,2,LOW,PUP,1,0.03
05-Jul-2005,WE,Left,2,AMB,PUP,1,0.03
05-Aug-2005,CL,Left,2,AMB,ANR,1,0.03
05-Aug-2005,CL,Left,2,AMB,FUH,126,4.20
05-Aug-2005,CL,Right,2,AMB,FUH,66,2.20
05-Aug-2005,CL,Left,2,AMB,GRC,1,0.03
05-Aug-2005,CL,Right,2,AMB,PAP,67,2.23
05-Aug-2005,NE,Left,2,AMB,ANR,1,0.03
05-Aug-2005,NE,Left,2,AMB,FUH,120,4.00
05-Aug-2005,NE,Right,2,AMB,FUH,66,2.20
05-Aug-2005,NE,Left,2,AMB,MEM,1,0.03
05-Aug-2005,NE,Right,2,AMB,PAP,104,3.47
05-Aug-2005,SW,Right,2,LOW,ANR,1,0.03
05-Aug-2005,SW,Left,2,AMB,ANR,1,0.03
05-Aug-2005,SW,Right,2,LOW,FUH,34,1.13
05-Aug-2005,SW,Left,2,AMB,FUH,128,4.27
05-Aug-2005,SW,Right,2,LOW,MEM,6,0.20
05-Aug-2005,SW,Left,2,AMB,MEM,1,0.03
05-Aug-2005,SW,Right,2,LOW,PAP,91,3.03
05-Aug-2005,SW,Left,2,AMB,PAP,64,2.13
05-Aug-2005,SW,Right,2,LOW,PUP,1,0.03
05-Aug-2005,WE,Right,2,LOW,FUH,51,1.70
05-Aug-2005,WE,Left,2,AMB,FUH,91,3.03
05-Aug-2005,WE,Left,2,AMB,MEM,17,0.57
23-Aug-2005,WE,Right,2,LOW,ANR,1,0.03
23-Aug-2005,WE,Right,2,LOW,MEM,9,0.30
23-Aug-2005,WE,Right,2,LOW,PUP,5,0.17
05-Sep-2005,CL,Left,2,AMB,ANR,1,0.03
05-Sep-2005,CL,Left,2,AMB,FUH,161,5.37
05-Sep-2005,CL,Right,2,AMB,FUH,21,0.70
05-Sep-2005,CL,Left,2,AMB,GRC,1,0.03
05-Sep-2005,CL,Left,2,AMB,MEM,1,0.03
05-Sep-2005,CL,Left,2,AMB,PAP,100,3.33
05-Sep-2005,CL,Right,2,AMB,PAP,41,1.37
05-Sep-2005,CL,Left,2,AMB,XAN ,1,0.03
05-Sep-2005,NE,Left,2,AMB,FUH,154,5.13
05-Sep-2005,NE,Right,2,AMB,FUH,49,1.63
05-Sep-2005,NE,Right,2,AMB,GRC,1,0.03
05-Sep-2005,NE,Left,2,AMB,MEM,1,0.03
05-Sep-2005,NE,Left,2,AMB,PAP,48,1.60
05-Sep-2005,NE,Right,2,AMB,PAP,105,3.50
05-Sep-2005,SW,Right,2,LOW,FUH,51,1.70
05-Sep-2005,SW,Left,2,AMB,FUH,71,2.37
05-Sep-2005,SW,Right,2,LOW,PAP,106,3.53
05-Sep-2005,SW,Left,2,AMB,PAP,101,3.37
05-Sep-2005,WE,Left,2,AMB,ANR,1,0.03
05-Sep-2005,WE,Right,2,LOW,FUH,23,0.77
05-Sep-2005,WE,Left,2,AMB,FUH,52,1.73
05-Sep-2005,WE,Right,2,LOW,PAP,130,4.33
05-Sep-2005,WE,Left,2,AMB,PAP,120,4.00
06-Jun-2006,SW,Right,2,LOW,FUH,2,0.07
06-Jun-2006,SW,Left,2,AMB,FUH,6,0.20
06-Jun-2006,SW,Right,2,LOW,PAP,3,0.10
06-Jun-2006,SW,Left,2,AMB,PAP,10,0.33
06-Jun-2006,WE,Right,2,LOW,FUH,34,1.13
06-Jun-2006,WE,Left,2,AMB,FUH,211,7.03
06-Jun-2006,WE,Right,2,LOW,PAP,74,2.47
06-Jun-2006,WE,Left,2,AMB,PAP,121,4.03
06-Jul-2006,SW,Right,2,LOW,FUH,5,0.17
06-Jul-2006,SW,Left,2,AMB,FUH,3,0.10
06-Jul-2006,SW,Left,2,AMB,MEM,1,0.03
06-Jul-2006,SW,Right,2,LOW,PAP,64,2.13
06-Jul-2006,SW,Left,2,AMB,PAP,26,0.87
06-Jul-2006,WE,Right,2,LOW,ANR,1,0.03
06-Jul-2006,WE,Right,2,LOW,FUH,67,2.23
06-Jul-2006,WE,Left,2,AMB,FUH,23,0.77
06-Jul-2006,WE,Left,2,AMB,MEM,2,0.07
06-Jul-2006,WE,Right,2,LOW,PAP,184,6.13
06-Jul-2006,WE,Left,2,AMB,PAP,10,0.33
06-Aug-2006,SW,Left,2,AMB,ANR,2,0.07
06-Aug-2006,SW,Right,2,LOW,FUH,31,1.03
06-Aug-2006,SW,Left,2,AMB,FUH,10,0.33
06-Aug-2006,SW,Right,2,LOW,PAP,164,5.47
06-Aug-2006,SW,Left,2,AMB,PAP,121,4.03
06-Aug-2006,WE,Right,2,LOW,ANR,1,0.03
06-Aug-2006,WE,Left,2,AMB,APQ,1,0.03
06-Aug-2006,WE,Right,2,LOW,FUH,39,1.30
06-Aug-2006,WE,Left,2,AMB,FUH,42,1.40
06-Aug-2006,WE,Right,2,LOW,MEM,1,0.03
06-Aug-2006,WE,Left,2,AMB,MEM,1,0.03
06-Aug-2006,WE,Right,2,LOW,PAP,200,6.67
06-Aug-2006,WE,Left,2,AMB,PAP,382,12.73
06-Sep-2006,SW,Right,2,LOW,APQ,1,0.03
06-Sep-2006,SW,Right,2,LOW,FUH,3,0.10
06-Sep-2006,SW,Left,2,AMB,FUH,3,0.10
06-Sep-2006,SW,Right,2,LOW,GRC,1,0.03
06-Sep-2006,SW,Left,2,AMB,MEM,1,0.03
06-Sep-2006,SW,Right,2,LOW,PAP,320,10.67
06-Sep-2006,SW,Left,2,AMB,PAP,305,10.17
06-Sep-2006,WE,Left,2,AMB,CLU,1,0.03
06-Sep-2006,WE,Left,2,AMB,CRS,1,0.03
06-Sep-2006,WE,Right,2,LOW,FUH,18,0.60
06-Sep-2006,WE,Left,2,AMB,FUH,20,0.67
06-Sep-2006,WE,Right,2,LOW,MEM,1,0.03
06-Sep-2006,WE,Right,2,LOW,PAP,381,12.70
06-Sep-2006,WE,Left,2,AMB,PAP,604,20.13
27-Jun-2009,NE,Left,2,AMB,FUH,5,0.50
27-Jun-2009,SW,Right,2,LOW,FUH,2,0.20
27-Jun-2009,SW,Right,2,LOW,FUH,2,0.20
22-Jul-2009,CL,Right,2,AMB,FUH,7,0.70
22-Jul-2009,CL,Right,2,AMB,FUH,7,0.70
22-Jul-2009,CL,Right,2,AMB,FUH,3,0.30
22-Jul-2009,WE,Left,2,AMB,CLU,1,0.10
22-Jul-2009,WE,Left,2,AMB,FUH,13,1.30
22-Jul-2009,WE,Left,2,AMB,FUH,5,0.50
22-Jul-2009,WE,Right,2,AMB,FUH,1,0.10
22-Jul-2009,WE,Right,2,AMB,FUH,3,0.30
22-Jul-2009,WE,Left,2,AMB,MEM,1,0.10
22-Jul-2009,WE,Left,2,AMB,PAP,1,0.10
22-Jul-2009,WE,Right,2,AMB,PAP,3,0.30
23-Jul-2009,NE,Left,2,AMB,FUH,3,0.30
23-Jul-2009,NE,Left,2,AMB,FUH,17,1.70
23-Jul-2009,NE,Left,2,AMB,PAP,3,0.30
23-Jul-2009,SW,Left,2,AMB,FUH,7,0.70
23-Jul-2009,SW,Left,2,AMB,FUH,4,0.40
23-Jul-2009,SW,Right,2,AMB,FUH,2,0.20
23-Jul-2009,SW,Right,2,AMB,FUH,15,1.50
23-Jul-2009,SW,Left,2,AMB,PAP,1,0.10
23-Jul-2009,SW,Left,2,AMB,PAP,12,1.20
23-Jul-2009,SW,Right,2,AMB,PAP,1,0.10
18-Aug-2009,NE,Left,2,AMB,FUH,4,0.40
18-Aug-2009,NE,Left,2,AMB,FUH,9,0.90
18-Aug-2009,NE,Left,2,AMB,PAP,1,0.10
18-Aug-2009,SW,Left,2,AMB,FUH,4,0.40
18-Aug-2009,SW,Left,2,AMB,FUH,1,0.10
18-Aug-2009,SW,Right,2,AMB,FUH,12,1.20
18-Aug-2009,SW,Right,2,AMB,FUH,7,0.70
18-Aug-2009,SW,Right,2,AMB,PAP,2,0.20
19-Aug-2009,CL,Right,2,AMB,FUH,24,2.40
19-Aug-2009,CL,Right,2,AMB,FUH,1,0.10
19-Aug-2009,CL,Right,2,AMB,PAP,1,0.10
19-Aug-2009,WE,Left,2,AMB,FUH,1,0.10
19-Aug-2009,WE,Right,2,AMB,FUH,1,0.10
19-Aug-2009,WE,Right,2,AMB,FUH,1,0.10
19-Aug-2009,WE,Left,2,AMB,PAP,1,0.10
19-Aug-2009,WE,Right,2,AMB,PAP,3,0.30
16-Jun-2010,CL,Right,2,AMB,XAN ,5,0.50
16-Jun-2010,NE,Left,2,AMB,FUH,2,0.20
16-Jun-2010,NE,Left,2,AMB,XAN ,2,0.20
16-Jun-2010,WE,Right,2,AMB,FUH,1,0.10
16-Jun-2010,WE,Left,2,AMB,XAN ,4,0.40
14-Jul-2010,CL,Right,2,AMB,FUH,1,0.10
14-Jul-2010,CL,Right,2,AMB,XAN ,2,0.20
14-Jul-2010,NE,Left,2,AMB,FUH,13,1.30
14-Jul-2010,NE,Left,2,AMB,MEM,1,0.10
14-Jul-2010,NE,Left,2,AMB,XAN ,1,0.10
14-Jul-2010,SW,Right,2,AMB,FUH,5,0.50
14-Jul-2010,SW,Right,2,AMB,MEM,1,0.10
14-Jul-2010,SW,Right,2,AMB,PAP,1,0.10
14-Jul-2010,SW,Left,2,AMB,XAN ,2,0.20
14-Jul-2010,SW,Right,2,AMB,XAN ,3,0.30
14-Jul-2010,WE,Left,2,AMB,FUH,8,0.80
14-Jul-2010,WE,Right,2,AMB,FUH,3,0.30
14-Jul-2010,WE,Left,2,AMB,XAN ,2,0.20
11-Aug-2010,CL,Right,2,AMB,FUH,5,0.50
11-Aug-2010,CL,Right,2,AMB,MEM,2,0.20
11-Aug-2010,CL,Right,2,AMB,XAN ,3,0.30
11-Aug-2010,NE,Left,2,AMB,FUH,4,0.40
11-Aug-2010,NE,Left,2,AMB,XAN ,4,0.40
11-Aug-2010,SW,Left,2,AMB,FUH,3,0.30
11-Aug-2010,SW,Right,2,AMB,FUH,7,0.70
11-Aug-2010,SW,Left,2,AMB,PAP,1,0.10
11-Aug-2010,SW,Right,2,AMB,PAP,1,0.10
11-Aug-2010,SW,Right,2,AMB,XAN ,1,0.10
11-Aug-2010,WE,Left,2,AMB,FUH,4,0.40
11-Aug-2010,WE,Right,2,AMB,FUH,1,0.10
11-Aug-2010,WE,Left,2,AMB,PAP,5,0.50
11-Aug-2010,WE,Left,2,AMB,XAN ,1,0.10
11-Aug-2010,WE,Right,2,AMB,XAN ,1,0.10
11-Sep-2010,SW,Left,2,AMB,FUH,1,0.10
11-Sep-2010,SW,Right,2,AMB,FUH,1,0.10
11-Sep-2010,SW,Left,2,AMB,PAP,2,0.20
11-Sep-2010,SW,Left,2,AMB,XAN ,2,0.20
11-Sep-2010,SW,Right,2,AMB,XAN ,2,0.20
11-Sep-2010,WE,Right,2,AMB,FUH,2,0.20
11-Sep-2010,WE,Left,2,AMB,MEM,1,0.10
11-Sep-2010,WE,Left,2,AMB,PAP,1,0.10
11-Sep-2010,WE,Left,2,AMB,XAN ,1,0.10
14-Jun-2011,WE,Right,2,AMB,FUH,5,0.17
14-Jun-2011,WE,Left,2,AMB,PAP,1,0.03
14-Jun-2011,WE,Right,2,AMB,PAP,4,0.13
16-Jun-2011,WE,Left,2,AMB,FUH,8,0.27
16-Jun-2011,WE,Left,2,AMB,PAP,9,0.30
30-Jun-2011,SW,Left,2,AMB,CRS,1,0.03
30-Jun-2011,SW,Left,2,AMB,FUH,8,0.27
30-Jun-2011,SW,Left,2,AMB,FUH,6,0.20
30-Jun-2011,SW,Right,2,AMB,FUH,7,0.23
30-Jun-2011,SW,Left,2,AMB,MEM,1,0.03
30-Jun-2011,SW,Left,2,AMB,PAP,16,0.53
30-Jun-2011,SW,Right,2,AMB,PAP,1,0.03
28-Jul-2011,SW,Left,2,AMB,CRS,2,0.07
28-Jul-2011,SW,Left,2,AMB,FUH,8,0.27
28-Jul-2011,SW,Left,2,AMB,FUH,52,1.73
28-Jul-2011,SW,Left,2,AMB,MEM,3,0.10
28-Jul-2011,SW,Left,2,AMB,PAP,19,0.63
28-Jul-2011,WE,Left,2,AMB,CLU,2,0.07
28-Jul-2011,WE,Right,2,AMB,CRS,10,0.33
28-Jul-2011,WE,Left,2,AMB,FUH,3,0.10
28-Jul-2011,WE,Right,2,AMB,FUH,17,0.57
28-Jul-2011,WE,Right,2,AMB,PAP,1,0.03
29-Jul-2011,NE,NA,2,AMB,FUH,67,2.23
29-Jul-2011,SW,Right,2,AMB,FUH,9,0.30
29-Jul-2011,SW,Right,2,AMB,FUH,19,0.63
29-Jul-2011,SW,Right,2,AMB,PAP,5,0.17
27-Aug-2011,SW,Left,2,AMB,ANR,1,0.03
27-Aug-2011,SW,Right,2,LOW,CRS,1,0.03
27-Aug-2011,SW,Right,2,LOW,FUH,104,3.47
27-Aug-2011,SW,Left,2,AMB,FUH,7,0.23
27-Aug-2011,SW,Left,2,AMB,FUH,63,2.10
27-Aug-2011,SW,Right,2,AMB,PAP,14,0.47
27-Aug-2011,SW,Left,2,AMB,PAP,34,1.13
24-Sep-2011,WE,Left,2,AMB,FUH,44,1.47
24-Sep-2011,WE,Left,2,AMB,PAP,10,0.33
25-Sep-2011,SW,Left,2,AMB,ANR,3,0.10
25-Sep-2011,SW,Right,2,AMB,FUH,26,0.87
25-Sep-2011,SW,Left,2,AMB,FUH,34,1.13
25-Sep-2011,SW,Right,2,AMB,PAP,5,0.17
25-Sep-2011,SW,Left,2,AMB,PAP,9,0.30
01-Sep-2003,CL,Left,3,AMB,ANR,2,0.07
01-Sep-2003,CL,Left,3,AMB,FUH,64,2.13
01-Sep-2003,CL,Right,3,AMB,FUH,45,1.50
01-Sep-2003,CL,Right,3,AMB,GRC,1,0.03
01-Sep-2003,CL,Right,3,AMB,PAP,48,1.60
01-Sep-2003,NE,Right,3,AMB,FUH,80,2.67
01-Sep-2003,SW,Left,3,AMB,APQ,3,0.10
01-Sep-2003,SW,Right,3,AMB,APQ,7,0.23
01-Sep-2003,SW,Left,3,AMB,FUH,117,3.90
01-Sep-2003,SW,Right,3,AMB,FUH,135,4.50
01-Sep-2003,SW,Left,3,AMB,PAP,56,1.87
01-Sep-2003,WE,Right,3,AMB,APQ,3,0.10
01-Sep-2003,WE,Left,3,AMB,FUH,16,0.53
01-Sep-2003,WE,Right,3,AMB,FUH,74,2.47
01-Sep-2003,WE,Left,3,AMB,PAP,178,5.93
01-Oct-2003,CL,Left,3,AMB,FUH,225,7.50
01-Oct-2003,CL,Right,3,AMB,FUH,19,0.63
01-Oct-2003,CL,Right,3,AMB,GRC,1,0.03
01-Oct-2003,CL,Left,3,AMB,PAP,150,5.00
01-Oct-2003,NE,Left,3,AMB,FUH,34,1.13
01-Oct-2003,NE,Right,3,AMB,FUH,138,4.60
01-Oct-2003,NE,Left,3,AMB,PAP,40,1.33
01-Oct-2003,NE,Right,3,AMB,PAP,154,5.13
01-Oct-2003,SW,Right,3,AMB,ANR,1,0.03
01-Oct-2003,SW,Left,3,AMB,APQ,3,0.10
01-Oct-2003,SW,Left,3,AMB,FUH,89,2.97
01-Oct-2003,SW,Right,3,AMB,FUH,33,1.10
01-Oct-2003,SW,Left,3,AMB,MEM,1,0.03
01-Oct-2003,SW,Left,3,AMB,PAP,246,8.20
01-Oct-2003,SW,Right,3,AMB,PAP,320,10.67
01-Oct-2003,WE,Left,3,AMB,FUH,6,0.20
01-Oct-2003,WE,Right,3,AMB,FUH,92,3.07
30-Jun-2004,SW,Left,3,AMB,ANR,2,0.07
30-Jun-2004,SW,Right,3,LOW,CRS,1,0.03
30-Jun-2004,SW,Right,3,LOW,PAP,42,1.40
30-Jun-2004,SW,Left,3,AMB,PAP,214,7.13
30-Jun-2004,SW,Right,3,LOW,PUP,16,0.53
30-Jun-2004,WE,Left,3,AMB,FUH,33,1.10
30-Jun-2004,WE,Right,3,LOW,GRC,1,0.03
30-Jun-2004,WE,Right,3,LOW,PAP,24,0.80
30-Jun-2004,WE,Left,3,AMB,PAP,12,0.40
30-Jun-2004,WE,Right,3,LOW,PUP,2,0.07
30-Jul-2004,CL,Left,3,AMB,ANR,3,0.10
30-Jul-2004,CL,Right,3,AMB,FUH,16,0.53
30-Jul-2004,CL,Left,3,AMB,GRC,1,0.03
30-Jul-2004,CL,Right,3,AMB,MEM,3,0.10
30-Jul-2004,CL,Left,3,AMB,PAP,261,8.70
30-Jul-2004,CL,Right,3,AMB,PAP,21,0.70
30-Jul-2004,NE,Left,3,AMB,CRS,1,0.03
30-Jul-2004,NE,Left,3,AMB,FUH,18,0.60
30-Jul-2004,NE,Right,3,AMB,FUH,20,0.67
30-Jul-2004,NE,Right,3,AMB,GRC,1,0.03
30-Jul-2004,NE,Left,3,AMB,MEM,7,0.23
30-Jul-2004,NE,Left,3,AMB,PAP,105,3.50
30-Jul-2004,NE,Right,3,AMB,PAP,35,1.17
30-Jul-2004,SW,Right,3,LOW,FUH,22,0.73
30-Jul-2004,SW,Right,3,LOW,PAP,89,2.97
30-Jul-2004,SW,Left,3,AMB,PAP,87,2.90
30-Jul-2004,SW,Right,3,LOW,PUP,111,3.70
30-Jul-2004,WE,Right,3,LOW,FUH,14,0.47
30-Jul-2004,WE,Left,3,AMB,FUH,65,2.17
30-Jul-2004,WE,Right,3,LOW,PAP,75,2.50
30-Jul-2004,WE,Left,3,AMB,PAP,30,1.00
30-Jul-2004,WE,Right,3,LOW,PUP,2,0.07
30-Aug-2004,CL,Left,3,AMB,FUH,56,1.87
30-Aug-2004,CL,Right,3,AMB,FUH,2,0.07
30-Aug-2004,CL,Right,3,AMB,MEM,2,0.07
30-Aug-2004,CL,Right,3,AMB,PAP,8,0.27
30-Aug-2004,NE,Right,3,AMB,FUH,75,2.50
30-Aug-2004,NE,Right,3,AMB,GRC,1,0.03
30-Aug-2004,NE,Right,3,AMB,PAP,41,1.37
30-Aug-2004,SW,Right,3,LOW,FUH,10,0.33
30-Aug-2004,SW,Left,3,AMB,FUH,8,0.27
30-Aug-2004,SW,Right,3,LOW,MEM,2,0.07
30-Aug-2004,SW,Left,3,AMB,MEM,1,0.03
30-Aug-2004,SW,Right,3,LOW,PAP,62,2.07
30-Aug-2004,SW,Left,3,AMB,PAP,272,9.07
30-Aug-2004,SW,Right,3,LOW,PUP,49,1.63
30-Aug-2004,WE,Right,3,LOW,FUH,19,0.63
30-Aug-2004,WE,Left,3,AMB,FUH,33,1.10
30-Aug-2004,WE,Left,3,AMB,MEM,2,0.07
30-Aug-2004,WE,Right,3,LOW,PAP,129,4.30
30-Aug-2004,WE,Left,3,AMB,PAP,49,1.63
30-Aug-2004,WE,Right,3,LOW,PUP,2,0.07
30-Sep-2004,CL,Left,3,AMB,FUH,49,1.63
30-Sep-2004,CL,Right,3,AMB,FUH,4,0.13
30-Sep-2004,CL,Right,3,AMB,PAP,5,0.17
30-Sep-2004,NE,Left,3,AMB,FUH,29,0.97
30-Sep-2004,NE,Right,3,AMB,FUH,79,2.63
30-Sep-2004,NE,Left,3,AMB,PAP,110,3.67
30-Sep-2004,NE,Right,3,AMB,PAP,138,4.60
30-Sep-2004,SW,Left,3,AMB,FUH,14,0.47
30-Sep-2004,SW,Right,3,LOW,PAP,59,1.97
30-Sep-2004,SW,Left,3,AMB,PAP,133,4.43
30-Sep-2004,SW,Right,3,LOW,PUP,55,1.83
30-Sep-2004,SW,Left,3,AMB,PUP,3,0.10
30-Sep-2004,WE,Right,3,LOW,ANR,1,0.03
30-Sep-2004,WE,Left,3,AMB,CRS,1,0.03
30-Sep-2004,WE,Right,3,LOW,FUH,14,0.47
30-Sep-2004,WE,Left,3,AMB,FUH,34,1.13
30-Sep-2004,WE,Left,3,AMB,MEM,1,0.03
30-Sep-2004,WE,Right,3,LOW,PAP,86,2.87
30-Sep-2004,WE,Left,3,AMB,PAP,218,7.27
30-Sep-2004,WE,Right,3,LOW,XAN ,1,0.03
05-Jun-2005,CL,Left,3,AMB,FUH,162,5.40
05-Jun-2005,CL,Right,3,AMB,FUH,9,0.30
05-Jun-2005,CL,Right,3,AMB,GRC,1,0.03
05-Jun-2005,CL,Left,3,AMB,PAP,32,1.07
05-Jun-2005,CL,Right,3,AMB,PAP,17,0.57
05-Jun-2005,NE,Left,3,AMB,FUH,9,0.30
05-Jun-2005,NE,Left,3,AMB,PAP,4,0.13
05-Jun-2005,SW,Right,3,LOW,FUH,1,0.03
05-Jun-2005,SW,Left,3,AMB,FUH,7,0.23
05-Jun-2005,SW,Right,3,LOW,PAP,1,0.03
05-Jun-2005,SW,Left,3,AMB,PAP,30,1.00
05-Jun-2005,SW,Left,3,AMB,PUP,1,0.03
05-Jun-2005,WE,Right,3,LOW,FUH,1,0.03
05-Jun-2005,WE,Left,3,AMB,FUH,24,0.80
05-Jun-2005,WE,Right,3,LOW,GRC,1,0.03
05-Jun-2005,WE,Right,3,LOW,PAP,102,3.40
05-Jun-2005,WE,Left,3,AMB,PAP,17,0.57
05-Jun-2005,WE,Right,3,LOW,PUP,1,0.03
05-Jun-2005,WE,Left,3,AMB,PUP,1,0.03
22-Jun-2005,NE,Right,3,AMB,FUH,42,1.40
22-Jun-2005,NE,Right,3,AMB,PAP,40,1.33
22-Jun-2005,NE,Right,3,AMB,PUP,1,0.03
22-Jun-2005,NE,Right,3,AMB,XAN ,1,0.03
05-Jul-2005,CL,Left,3,AMB,ANR,1,0.03
05-Jul-2005,CL,Left,3,AMB,FUH,41,1.37
05-Jul-2005,CL,Right,3,AMB,FUH,8,0.27
05-Jul-2005,CL,Left,3,AMB,MEM,1,0.03
05-Jul-2005,CL,Left,3,AMB,PAP,143,4.77
05-Jul-2005,NE,Left,3,AMB,FUH,26,0.87
05-Jul-2005,NE,Right,3,AMB,FUH,19,0.63
05-Jul-2005,NE,Left,3,AMB,MEM,12,0.40
05-Jul-2005,NE,Right,3,AMB,MEM,1,0.03
05-Jul-2005,NE,Left,3,AMB,PAP,62,2.07
05-Jul-2005,NE,Right,3,AMB,PAP,11,0.37
05-Jul-2005,SW,Left,3,AMB,ANR,4,0.13
05-Jul-2005,SW,Left,3,AMB,FUH,73,2.43
05-Jul-2005,SW,Left,3,AMB,MEM,5,0.17
05-Jul-2005,SW,Left,3,AMB,PAP,78,2.60
05-Jul-2005,WE,Right,3,LOW,CRS,2,0.07
05-Jul-2005,WE,Right,3,LOW,FUH,10,0.33
05-Jul-2005,WE,Left,3,AMB,FUH,64,2.13
05-Jul-2005,WE,Right,3,LOW,MEM,5,0.17
05-Jul-2005,WE,Left,3,AMB,MEM,1,0.03
05-Jul-2005,WE,Right,3,LOW,PAP,66,2.20
05-Jul-2005,WE,Left,3,AMB,PAP,5,0.17
05-Jul-2005,WE,Right,3,LOW,PUP,4,0.13
05-Aug-2005,CL,Left,3,AMB,FUH,83,2.77
05-Aug-2005,CL,Right,3,AMB,FUH,42,1.40
05-Aug-2005,CL,Left,3,AMB,PAP,88,2.93
05-Aug-2005,CL,Right,3,AMB,PAP,82,2.73
05-Aug-2005,NE,Left,3,AMB,FUH,92,3.07
05-Aug-2005,NE,Right,3,AMB,FUH,59,1.97
05-Aug-2005,NE,Left,3,AMB,PAP,72,2.40
05-Aug-2005,SW,Right,3,LOW,ANR,1,0.03
05-Aug-2005,SW,Left,3,AMB,ANR,1,0.03
05-Aug-2005,SW,Right,3,LOW,CRS,1,0.03
05-Aug-2005,SW,Right,3,LOW,FUH,62,2.07
05-Aug-2005,SW,Left,3,AMB,FUH,96,3.20
05-Aug-2005,SW,Right,3,LOW,MEM,1,0.03
05-Aug-2005,SW,Right,3,LOW,PAP,61,2.03
05-Aug-2005,SW,Left,3,AMB,PAP,68,2.27
05-Aug-2005,SW,Left,3,AMB,XAN ,1,0.03
05-Aug-2005,WE,Left,3,AMB,CRS,1,0.03
05-Aug-2005,WE,Right,3,LOW,FUH,41,1.37
05-Aug-2005,WE,Left,3,AMB,FUH,66,2.20
05-Aug-2005,WE,Right,3,LOW,PAP,160,5.33
05-Aug-2005,WE,Left,3,AMB,PAP,57,1.90
05-Sep-2005,CL,Left,3,AMB,ANR,2,0.07
05-Sep-2005,CL,Left,3,AMB,FUH,52,1.73
05-Sep-2005,CL,Right,3,AMB,FUH,31,1.03
05-Sep-2005,CL,Left,3,AMB,MEM,2,0.07
05-Sep-2005,CL,Right,3,AMB,MEM,1,0.03
05-Sep-2005,CL,Left,3,AMB,PAP,100,3.33
05-Sep-2005,CL,Right,3,AMB,PAP,99,3.30
05-Sep-2005,NE,Left,3,AMB,FUH,129,4.30
05-Sep-2005,NE,Right,3,AMB,FUH,64,2.13
05-Sep-2005,NE,Left,3,AMB,PAP,96,3.20
05-Sep-2005,NE,Right,3,AMB,PAP,97,3.23
05-Sep-2005,SW,Right,3,LOW,FUH,109,3.63
05-Sep-2005,SW,Left,3,AMB,FUH,194,6.47
05-Sep-2005,SW,Right,3,LOW,PAP,94,3.13
05-Sep-2005,SW,Left,3,AMB,PAP,88,2.93
05-Sep-2005,WE,Right,3,LOW,FUH,36,1.20
05-Sep-2005,WE,Left,3,AMB,FUH,232,7.73
05-Sep-2005,WE,Right,3,LOW,PAP,76,2.53
05-Sep-2005,WE,Left,3,AMB,PAP,90,3.00
06-Jun-2006,SW,Right,3,LOW,FUH,8,0.27
06-Jun-2006,SW,Left,3,AMB,FUH,41,1.37
06-Jun-2006,SW,Right,3,LOW,PAP,5,0.17
06-Jun-2006,SW,Left,3,AMB,PAP,9,0.30
06-Jun-2006,WE,Right,3,LOW,FUH,13,0.43
06-Jun-2006,WE,Left,3,AMB,FUH,29,0.97
06-Jun-2006,WE,Right,3,LOW,PAP,6,0.20
06-Jun-2006,WE,Left,3,AMB,PAP,2,0.07
06-Jul-2006,SW,Right,3,LOW,APQ,2,0.07
06-Jul-2006,SW,Left,3,AMB,APQ,1,0.03
06-Jul-2006,SW,Right,3,LOW,FUH,15,0.50
06-Jul-2006,SW,Left,3,AMB,FUH,49,1.63
06-Jul-2006,SW,Left,3,AMB,MEM,1,0.03
06-Jul-2006,SW,Right,3,LOW,PAP,51,1.70
06-Jul-2006,SW,Left,3,AMB,PAP,15,0.50
06-Jul-2006,WE,Right,3,LOW,ANR,4,0.13
06-Jul-2006,WE,Right,3,LOW,APQ,1,0.03
06-Jul-2006,WE,Right,3,LOW,FUH,32,1.07
06-Jul-2006,WE,Left,3,AMB,FUH,20,0.67
06-Jul-2006,WE,Left,3,AMB,MEM,1,0.03
06-Jul-2006,WE,Right,3,LOW,PAP,174,5.80
06-Jul-2006,WE,Left,3,AMB,PAP,63,2.10
06-Aug-2006,SW,Right,3,LOW,ANR,1,0.03
06-Aug-2006,SW,Right,3,LOW,APQ,5,0.17
06-Aug-2006,SW,Right,3,LOW,FUH,60,2.00
06-Aug-2006,SW,Left,3,AMB,FUH,271,9.03
06-Aug-2006,SW,Right,3,LOW,PAP,257,8.57
06-Aug-2006,SW,Left,3,AMB,PAP,126,4.20
06-Aug-2006,WE,Right,3,LOW,CRS,1,0.03
06-Aug-2006,WE,Right,3,LOW,FUH,2,0.07
06-Aug-2006,WE,Left,3,AMB,FUH,53,1.77
06-Aug-2006,WE,Right,3,LOW,GRC,2,0.07
06-Aug-2006,WE,Right,3,LOW,MEM,7,0.23
06-Aug-2006,WE,Left,3,AMB,MEM,3,0.10
06-Aug-2006,WE,Right,3,LOW,PAP,357,11.90
06-Aug-2006,WE,Left,3,AMB,PAP,131,4.37
06-Sep-2006,SW,Left,3,AMB,CLU,1,0.03
06-Sep-2006,SW,Left,3,AMB,CRS,6,0.20
06-Sep-2006,SW,Right,3,LOW,FUH,10,0.33
06-Sep-2006,SW,Left,3,AMB,FUH,32,1.07
06-Sep-2006,SW,Right,3,LOW,GRC,1,0.03
06-Sep-2006,SW,Left,3,AMB,MEM,1,0.03
06-Sep-2006,SW,Right,3,LOW,PAP,40,1.33
06-Sep-2006,SW,Left,3,AMB,PAP,668,22.27
06-Sep-2006,WE,Left,3,AMB,CLU,2,0.07
06-Sep-2006,WE,Right,3,LOW,FUH,21,0.70
06-Sep-2006,WE,Left,3,AMB,FUH,23,0.77
06-Sep-2006,WE,Left,3,AMB,GRC,1,0.03
06-Sep-2006,WE,Right,3,LOW,MEM,5,0.17
06-Sep-2006,WE,Right,3,LOW,PAP,1133,37.77
06-Sep-2006,WE,Left,3,AMB,PAP,322,10.73
16-Jun-2010,CL,Right,3,AMB,XAN ,3,0.30
16-Jun-2010,SW,Left,3,AMB,XAN ,1,0.10
14-Jul-2010,CL,Right,3,AMB,FUH,1,0.10
14-Jul-2010,CL,Right,3,AMB,XAN ,1,0.10
14-Jul-2010,NE,Left,3,AMB,FUH,17,1.70
14-Jul-2010,NE,Left,3,AMB,XAN ,2,0.20
14-Jul-2010,SW,Right,3,AMB,ANR,1,0.10
14-Jul-2010,SW,Left,3,AMB,FUH,4,0.40
14-Jul-2010,SW,Left,3,AMB,PAP,2,0.20
14-Jul-2010,SW,Left,3,AMB,XAN ,1,0.10
14-Jul-2010,WE,Right,3,AMB,FUH,2,0.20
14-Jul-2010,WE,Right,3,AMB,PAP,1,0.10
14-Jul-2010,WE,Left,3,AMB,XAN ,1,0.10
14-Jul-2010,WE,Right,3,AMB,XAN ,1,0.10
11-Aug-2010,CL,Right,3,AMB,FUH,5,0.50
11-Aug-2010,CL,Right,3,AMB,XAN ,2,0.20
11-Aug-2010,NE,Left,3,AMB,FUH,32,3.20
11-Aug-2010,NE,Left,3,AMB,MEM,1,0.10
11-Aug-2010,NE,Left,3,AMB,XAN ,1,0.10
11-Aug-2010,SW,Left,3,AMB,FUH,24,2.40
11-Aug-2010,SW,Right,3,AMB,FUH,4,0.40
11-Aug-2010,SW,Left,3,AMB,MEM,1,0.10
11-Aug-2010,SW,Left,3,AMB,PAP,4,0.40
11-Aug-2010,SW,Right,3,AMB,XAN ,1,0.10
11-Aug-2010,WE,Right,3,AMB,FUH,5,0.50
11-Aug-2010,WE,Right,3,AMB,PAP,4,0.40
11-Sep-2010,SW,Left,3,AMB,ANR,1,0.10
11-Sep-2010,SW,Left,3,AMB,CRS,7,0.70
11-Sep-2010,SW,Left,3,AMB,FUH,18,1.80
11-Sep-2010,SW,Left,3,AMB,PAP,3,0.30
11-Sep-2010,SW,Right,3,AMB,PAP,1,0.10
11-Sep-2010,SW,Left,3,AMB,XAN ,1,0.10
11-Sep-2010,SW,Right,3,AMB,XAN ,3,0.30
11-Sep-2010,WE,Right,3,AMB,FUH,2,0.20
11-Sep-2010,WE,Left,3,AMB,XAN ,1,0.10
11-Sep-2010,WE,Right,3,AMB,XAN ,5,0.50
14-Jun-2011,CL,Left,3,AMB,FUH,19,0.63
14-Jun-2011,WE,Left,3,AMB,FUH,5,0.17
14-Jun-2011,WE,Right,3,AMB,FUH,14,0.47
14-Jun-2011,WE,Left,3,AMB,PAP,3,0.10
14-Jun-2011,WE,Right,3,AMB,PAP,5,0.17
16-Jun-2011,CL,Left,3,AMB,FUH,33,1.10
16-Jun-2011,WE,Left,3,AMB,FUH,12,0.40
16-Jun-2011,WE,Right,3,AMB,FUH,7,0.23
16-Jun-2011,WE,Left,3,AMB,PAP,4,0.13
16-Jun-2011,WE,Right,3,AMB,PAP,3,0.10
30-Jun-2011,SW,Left,3,AMB,ANR,2,0.07
30-Jun-2011,SW,Left,3,AMB,CRS,1,0.03
30-Jun-2011,SW,Left,3,AMB,FUH,10,0.33
30-Jun-2011,SW,Left,3,AMB,FUH,27,0.90
30-Jun-2011,SW,Left,3,AMB,PAP,3,0.10
30-Jun-2011,WE,Left,3,AMB,ANR,1,0.03
30-Jun-2011,WE,Left,3,AMB,CRS,2,0.07
30-Jun-2011,WE,Left,3,AMB,FUH,57,1.90
28-Jul-2011,WE,Left,3,AMB,CRS,10,0.33
28-Jul-2011,WE,Right,3,AMB,CRS,2,0.07
28-Jul-2011,WE,Left,3,AMB,FUH,11,0.37
28-Jul-2011,WE,Right,3,AMB,FUH,30,1.00
29-Jul-2011,NE,NA,3,AMB,FUH,22,0.73
29-Jul-2011,WE,Left,3,AMB,CRS,1,0.03
29-Jul-2011,WE,Left,3,AMB,FUH,108,3.60
29-Jul-2011,WE,Left,3,AMB,PAP,1,0.03
29-Jul-2011,WE,Left,3,AMB,WFC,1,0.03
30-Jul-2011,CL,Left,3,AMB,FUH,31,1.03
30-Jul-2011,CL,Left,3,AMB,GRC,1,0.03
30-Jul-2011,SW,Right,3,AMB,FUH,7,0.23
27-Aug-2011,SW,Left,3,AMB,ANR,3,0.10
27-Aug-2011,SW,Left,3,AMB,FUH,9,0.30
27-Aug-2011,SW,Left,3,AMB,FUH,68,2.27
27-Aug-2011,SW,Left,3,AMB,PAP,75,2.50
27-Aug-2011,WE,Right,3,AMB,FUH,6,0.20
27-Aug-2011,WE,Right,3,AMB,FUH,49,1.63
27-Aug-2011,WE,Right,3,AMB,GRC,1,0.03
27-Aug-2011,WE,Right,3,AMB,PAP,5,0.17
24-Sep-2011,WE,Left,3,AMB,FUH,128,4.27
24-Sep-2011,WE,Left,3,AMB,PAP,11,0.37
25-Sep-2011,SW,Right,3,AMB,FUH,58,1.93
25-Sep-2011,SW,Left,3,AMB,FUH,19,0.63
25-Sep-2011,SW,Right,3,AMB,PAP,3,0.10
25-Sep-2011,SW,Left,3,AMB,PAP,18,0.60
25-Sep-2011,SW,Right,3,AMB,PUP,3,0.10
16-Jun-2010,CL,Right,4,AMB,XAN ,6,0.60
16-Jun-2010,NE,Left,4,AMB,FUH,3,0.30
16-Jun-2010,NE,Left,4,AMB,XAN ,1,0.10
16-Jun-2010,SW,Right,4,AMB,FUH,1,0.10
16-Jun-2010,SW,Left,4,AMB,XAN ,2,0.20
16-Jun-2010,WE,Left,4,AMB,FUH,2,0.20
14-Jul-2010,CL,Right,4,AMB,FUH,25,2.50
14-Jul-2010,CL,Right,4,AMB,PAP,1,0.10
14-Jul-2010,CL,Right,4,AMB,XAN ,4,0.40
14-Jul-2010,NE,Left,4,AMB,FUH,16,1.60
14-Jul-2010,NE,Left,4,AMB,XAN ,1,0.10
14-Jul-2010,SW,Left,4,AMB,FUH,5,0.50
14-Jul-2010,SW,Right,4,AMB,XAN ,1,0.10
14-Jul-2010,WE,Left,4,AMB,FUH,13,1.30
14-Jul-2010,WE,Right,4,AMB,FUH,2,0.20
14-Jul-2010,WE,Left,4,AMB,MEM,1,0.10
14-Jul-2010,WE,Left,4,AMB,XAN ,3,0.30
14-Jul-2010,WE,Right,4,AMB,XAN ,1,0.10
11-Aug-2010,CL,Right,4,AMB,FUH,49,4.90
11-Aug-2010,CL,Right,4,AMB,MEM,5,0.50
11-Aug-2010,CL,Right,4,AMB,PAP,2,0.20
11-Aug-2010,CL,Right,4,AMB,XAN ,2,0.20
11-Aug-2010,NE,Left,4,AMB,FUH,13,1.30
11-Aug-2010,NE,Left,4,AMB,PAP,1,0.10
11-Aug-2010,NE,Left,4,AMB,XAN ,3,0.30
11-Aug-2010,SW,Left,4,AMB,FUH,1,0.10
11-Aug-2010,WE,Left,4,AMB,FUH,1,0.10
11-Aug-2010,WE,Right,4,AMB,FUH,7,0.70
11-Aug-2010,WE,Left,4,AMB,MEM,1,0.10
11-Aug-2010,WE,Right,4,AMB,MEM,1,0.10
11-Aug-2010,WE,Right,4,AMB,PAP,1,0.10
11-Aug-2010,WE,Right,4,AMB,XAN ,2,0.20
11-Sep-2010,SW,Left,4,AMB,FUH,21,2.10
11-Sep-2010,SW,Left,4,AMB,PAP,4,0.40
11-Sep-2010,SW,Left,4,AMB,XAN ,2,0.20
11-Sep-2010,SW,Right,4,AMB,XAN ,1,0.10
11-Sep-2010,WE,Left,4,AMB,FUH,2,0.20
11-Sep-2010,WE,Right,4,AMB,FUH,19,1.90
11-Sep-2010,WE,Left,4,AMB,PAP,4,0.40
11-Sep-2010,WE,Left,4,AMB,XAN ,4,0.40
11-Sep-2010,WE,Right,4,AMB,XAN ,1,0.10
06-Jun-2011,WE,Left,4,AMB,ANR,1,0.03
14-Jun-2011,CL,Left,4,AMB,FUH,8,0.27
14-Jun-2011,WE,Left,4,AMB,ANR,1,0.03
14-Jun-2011,WE,Left,4,AMB,FUH,22,0.73
14-Jun-2011,WE,Right,4,AMB,FUH,8,0.27
14-Jun-2011,WE,Right,4,AMB,PAP,2,0.07
16-Jun-2011,CL,Left,4,AMB,FUH,24,0.80
16-Jun-2011,WE,Left,4,AMB,FUH,45,1.50
16-Jun-2011,WE,Right,4,AMB,FUH,26,0.87
30-Jun-2011,SW,Left,4,AMB,ANR,1,0.03
30-Jun-2011,SW,Left,4,AMB,FUH,7,0.23
30-Jun-2011,SW,Right,4,AMB,FUH,4,0.13
30-Jun-2011,SW,Left,4,AMB,PAP,1,0.03
30-Jun-2011,SW,Right,4,AMB,PAP,1,0.03
30-Jun-2011,WE,Left,4,AMB,ANR,1,0.03
30-Jun-2011,WE,Left,4,AMB,CRS,1,0.03
30-Jun-2011,WE,Left,4,AMB,FUH,27,0.90
29-Jul-2011,NE,NA,4,AMB,FUH,10,0.33
29-Jul-2011,SW,Left,4,AMB,FUH,56,1.87
29-Jul-2011,SW,Right,4,AMB,FUH,1,0.03
29-Jul-2011,SW,Right,4,AMB,FUH,31,1.03
29-Jul-2011,SW,Left,4,AMB,PAP,1,0.03
30-Jul-2011,CL,Left,4,AMB,FUH,39,1.30
30-Jul-2011,WE,Right,4,AMB,ANR,2,0.07
30-Jul-2011,WE,Right,4,AMB,FUH,70,2.33
30-Jul-2011,WE,Right,4,AMB,MEM,2,0.07
27-Aug-2011,SW,Left,4,AMB,ANR,1,0.03
27-Aug-2011,SW,Left,4,AMB,CRS,1,0.03
27-Aug-2011,SW,Left,4,AMB,FUH,10,0.33
27-Aug-2011,SW,Left,4,AMB,FUH,52,1.73
27-Aug-2011,SW,Left,4,AMB,PAP,6,0.20
27-Aug-2011,WE,Right,4,AMB,FUH,6,0.20
27-Aug-2011,WE,Right,4,AMB,FUH,21,0.70
27-Aug-2011,WE,Right,4,AMB,PAP,2,0.07
24-Sep-2011,WE,Right,4,AMB,FUH,39,1.30
24-Sep-2011,WE,Left,4,AMB,FUH,137,4.57
24-Sep-2011,WE,Right,4,AMB,PAP,4,0.13
24-Sep-2011,WE,Left,4,AMB,PAP,20,0.67
25-Sep-2011,SW,Left,4,AMB,FUH,9,0.30
25-Sep-2011,SW,Left,4,AMB,PAP,57,1.90
21-Jun-2012,NE,Left,1,AMB,FUH,19,0.63
21-Jun-2012,NE,Left,1,AMB,PAP,6,0.20
21-Jun-2012,NE,Left,2,AMB,FUH,18,0.60
21-Jun-2012,NE,Left,2,AMB,CAM,2,0.07
21-Jun-2012,NE,Left,3,AMB,FUH,32,1.07
21-Jun-2012,NE,Left,4,AMB,FUH,27,0.90
21-Jun-2012,NE,Left,4,AMB,CAM,3,0.10
21-Jun-2012,WE,Right,1,AMB,FUH,36,1.20
21-Jun-2012,WE,Right,1,AMB,CRS,1,0.03
21-Jun-2012,WE,Right,1,AMB,CAM,1,0.03
21-Jun-2012,WE,Right,1,AMB,ANR,1,0.03
21-Jun-2012,WE,Right,2,AMB,FUH,42,1.40
21-Jun-2012,WE,Right,3,AMB,FUH,33,1.10
21-Jun-2012,WE,Right,4,AMB,FUH,4,0.13
21-Jun-2012,WE,Right,4,AMB,CAM,4,0.13
21-Jun-2012,WE,Left,1,AMB,FUH,139,4.63
21-Jun-2012,WE,Left,1,AMB,ANR,2,0.07
21-Jun-2012,WE,Left,1,AMB,CRS,13,0.43
21-Jun-2012,WE,Left,2,AMB,FUH,25,0.83
21-Jun-2012,WE,Left,2,AMB,CAM,1,0.03
21-Jun-2012,WE,Left,2,AMB,ANR,1,0.03
21-Jun-2012,WE,Left,2,AMB,PAP,18,0.60
21-Jun-2012,WE,Left,3,AMB,FUH,18,0.60
21-Jun-2012,WE,Left,3,AMB,PAP,2,0.07
21-Jun-2012,WE,Left,4,AMB,FUH,34,1.13
21-Jun-2012,WE,Left,4,AMB,ANR,1,0.03
21-Jun-2012,WE,Left,4,AMB,CAM,3,0.10
20-Jun-2012,CL,Right,1,AMB,FUH,14,0.47
20-Jun-2012,CL,Right,2,AMB,FUH,24,0.80
20-Jun-2012,CL,Right,3,AMB,FUH,1,0.03
20-Jun-2012,CL,Right,3,AMB,CAM,1,0.03
20-Jun-2012,CL,Right,4,AMB,FUH,10,0.33
20-Jun-2012,SW,Left,1,AMB,FUH,16,0.53
20-Jun-2012,SW,Left,1,AMB,ANR,1,0.03
20-Jun-2012,SW,Left,1,AMB,CRS,1,0.03
20-Jun-2012,SW,Left,1,AMB,CAM,1,0.03
20-Jun-2012,SW,Left,2,AMB,FUH,3,0.10
20-Jun-2012,SW,Left,3,AMB,FUH,30,1.00
20-Jun-2012,SW,Left,3,AMB,CAM,2,0.07
20-Jun-2012,SW,Left,3,AMB,CRS,1,0.03
20-Jun-2012,SW,Left,4,AMB,FUH,11,0.37
20-Jun-2012,SW,Right,1,AMB,FUH,3,0.10
20-Jun-2012,SW,Right,2,AMB,FUH,19,0.63
20-Jun-2012,SW,Right,2,AMB,CAM,2,0.07
20-Jun-2012,SW,Right,3,AMB,FUH,16,0.53
20-Jun-2012,SW,Right,4,AMB,FUH,5,0.17
20-Jun-2012,SW,Right,4,AMB,CAM,1,0.03
24-Jul-2012,NE,Left,1,AMB,FUH,15,0.50
24-Jul-2012,NE,Left,1,AMB,PAP,4,0.13
24-Jul-2012,NE,Left,1,AMB,CAM,1,0.03
24-Jul-2012,NE,Left,2,AMB,FUH,15,0.50
24-Jul-2012,NE,Left,2,AMB,PAP,2,0.07
24-Jul-2012,NE,Left,2,AMB,CAM,1,0.03
24-Jul-2012,NE,Left,3,AMB,FUH,6,0.20
24-Jul-2012,NE,Left,3,AMB,CAM,2,0.07
24-Jul-2012,NE,Left,4,AMB,FUH,29,0.97
24-Jul-2012,NE,Left,4,AMB,CAM,6,0.20
24-Jul-2012,WE,Right,1,AMB,FUH,76,2.53
24-Jul-2012,WE,Right,1,AMB,PAP,1,0.03
24-Jul-2012,WE,Right,1,AMB,CAM,1,0.03
24-Jul-2012,WE,Right,2,AMB,FUH,35,1.17
24-Jul-2012,WE,Right,2,AMB,PAP,4,0.13
24-Jul-2012,WE,Right,2,AMB,ANR,1,0.03
24-Jul-2012,WE,Right,3,AMB,FUH,20,0.67
24-Jul-2012,WE,Right,3,AMB,CAM,1,0.03
24-Jul-2012,WE,Right,4,AMB,FUH,3,0.10
24-Jul-2012,WE,Right,4,AMB,CAM,1,0.03
24-Jul-2012,WE,Right,4,AMB,PAP,1,0.03
24-Jul-2012,WE,Left,1,AMB,FUH,117,3.90
24-Jul-2012,WE,Left,1,AMB,MEM,1,0.03
24-Jul-2012,WE,Left,1,AMB,PAP,2,0.07
24-Jul-2012,WE,Left,1,AMB,CAM,1,0.03
24-Jul-2012,WE,Left,2,AMB,FUH,165,5.50
24-Jul-2012,WE,Left,3,AMB,FUH,20,0.67
24-Jul-2012,WE,Left,3,AMB,CAM,4,0.13
24-Jul-2012,WE,Left,3,AMB,PAP,3,0.10
24-Jul-2012,WE,Left,4,AMB,FUH,37,1.23
24-Jul-2012,WE,Left,4,AMB,PAP,1,0.03
24-Jul-2012,WE,Left,4,AMB,CAM,2,0.07
24-Jul-2012,WE,Left,4,AMB,ANR,2,0.07
22-Jul-2012,CL,Right,1,AMB,FUH,9,0.30
22-Jul-2012,CL,Right,2,AMB,FUH,54,1.80
22-Jul-2012,CL,Right,2,AMB,CAM,2,0.07
22-Jul-2012,CL,Right,3,AMB,FUH,4,0.13
22-Jul-2012,CL,Right,3,AMB,CAM,1,0.03
22-Jul-2012,CL,Right,4,AMB,FUH,35,1.17
22-Jul-2012,CL,Right,4,AMB,CAM,2,0.07
22-Jul-2012,SW,Right,1,AMB,FUH,35,1.17
22-Jul-2012,SW,Right,2,AMB,FUH,27,0.90
22-Jul-2012,SW,Right,2,AMB,PAP,4,0.13
22-Jul-2012,SW,Right,2,AMB,PUP,2,0.07
22-Jul-2012,SW,Right,3,AMB,FUH,16,0.53
22-Jul-2012,SW,Right,4,AMB,FUH,22,0.73
22-Jul-2012,SW,Right,4,AMB,PAP,2,0.07
22-Jul-2012,SW,Left,1,AMB,FUH,15,0.50
22-Jul-2012,SW,Left,2,AMB,FUH,24,0.80
22-Jul-2012,SW,Left,2,AMB,PAP,11,0.37
22-Jul-2012,SW,Left,2,AMB,CRS,1,0.03
22-Jul-2012,SW,Left,2,AMB,CAM,1,0.03
22-Jul-2012,SW,Left,3,AMB,FUH,2,0.07
22-Jul-2012,SW,Left,3,AMB,PAP,1,0.03
22-Jul-2012,SW,Left,4,AMB,FUH,49,1.63
22-Jul-2012,SW,Left,4,AMB,PAP,6,0.20
22-Jul-2012,SW,Left,4,AMB,CAM,2,0.07
22-Jul-2012,SW,Left,4,AMB,ANR,1,0.03
20-Jun-2013,SW,Left,1,AMB,FUH,5,0.17
20-Jun-2013,SW,Left,1,AMB,CAM,5,0.17
20-Jun-2013,SW,Left,1,AMB,PAP,37,1.23
20-Jun-2013,SW,Left,2,AMB,CAM,2,0.07
20-Jun-2013,SW,Left,2,AMB,PAP,55,1.83
20-Jun-2013,SW,Left,3,AMB,FUH,5,0.17
20-Jun-2013,SW,Left,3,AMB,CAM,5,0.17
20-Jun-2013,SW,Left,4,AMB,FUH,10,0.33
20-Jun-2013,SW,Left,4,AMB,CAM,2,0.07
20-Jun-2013,SW,Left,4,AMB,MEM,1,0.03
20-Jun-2013,SW,Left,4,AMB,ANR,1,0.03
20-Jun-2013,SW,Right,1,AMB,PAP,11,0.37
20-Jun-2013,SW,Right,2,AMB,FUH,7,0.23
20-Jun-2013,SW,Right,2,AMB,CAM,1,0.03
20-Jun-2013,SW,Right,2,AMB,PAP,3,0.10
20-Jun-2013,SW,Right,3,AMB,FUH,1,0.03
20-Jun-2013,SW,Right,3,AMB,CAM,2,0.07
20-Jun-2013,SW,Right,4,AMB,FUH,4,0.13
20-Jun-2013,SW,Right,4,AMB,CAM,6,0.20
20-Jun-2013,WE,Left,1,AMB,FUH,13,0.43
20-Jun-2013,WE,Left,1,AMB,CAM,2,0.07
20-Jun-2013,WE,Left,1,AMB,PAP,10,0.33
20-Jun-2013,WE,Left,2,AMB,FUH,18,0.60
20-Jun-2013,WE,Left,2,AMB,CAM,2,0.07
20-Jun-2013,WE,Left,2,AMB,PAP,57,1.90
20-Jun-2013,WE,Left,3,AMB,FUH,22,0.73
20-Jun-2013,WE,Left,3,AMB,CAM,3,0.10
20-Jun-2013,WE,Left,3,AMB,PAP,1,0.03
20-Jun-2013,WE,Left,4,AMB,FUH,7,0.23
20-Jun-2013,WE,Right,1,AMB,FUH,5,0.17
20-Jun-2013,WE,Right,1,AMB,CAM,4,0.13
20-Jun-2013,WE,Right,1,AMB,PAP,1,0.03
20-Jun-2013,WE,Right,2,AMB,FUH,14,0.47
20-Jun-2013,WE,Right,2,AMB,CAM,3,0.10
20-Jun-2013,WE,Right,2,AMB,PAP,7,0.23
20-Jun-2013,WE,Right,3,AMB,FUH,5,0.17
20-Jun-2013,WE,Right,3,AMB,CAM,5,0.17
20-Jun-2013,WE,Right,3,AMB,PAP,2,0.07
20-Jun-2013,WE,Right,4,AMB,FUH,6,0.20
20-Jun-2013,WE,Right,4,AMB,CAM,3,0.10
20-Jun-2013,CL,Right,1,AMB,FUH,2,0.07
20-Jun-2013,CL,Right,1,AMB,CAM,5,0.17
20-Jun-2013,CL,Right,1,AMB,PAP,2,0.07
20-Jun-2013,CL,Right,2,AMB,FUH,9,0.30
20-Jun-2013,CL,Right,2,AMB,CAM,6,0.20
20-Jun-2013,CL,Right,3,AMB,FUH,4,0.13
20-Jun-2013,CL,Right,3,AMB,CAM,7,0.23
20-Jun-2013,CL,Right,3,AMB,PAP,1,0.03
20-Jun-2013,CL,Right,4,AMB,FUH,5,0.17
20-Jun-2013,CL,Right,4,AMB,CAM,2,0.07
20-Jun-2013,CL,Right,4,AMB,PAP,1,0.03
20-Jun-2013,NE,Left,1,AMB,CAM,2,0.07
20-Jun-2013,NE,Left,1,AMB,PAP,3,0.10
20-Jun-2013,NE,Left,2,AMB,FUH,3,0.10
20-Jun-2013,NE,Left,2,AMB,PAP,2,0.07
20-Jun-2013,NE,Left,3,AMB,FUH,3,0.10
20-Jun-2013,NE,Left,3,AMB,CAM,1,0.03
20-Jun-2013,NE,Left,3,AMB,PAP,1,0.03
21-Jul-2013,SW,Right,1,AMB,FUH,67,2.23
21-Jul-2013,SW,Right,1,AMB,MEM,4,0.13
21-Jul-2013,SW,Right,1,AMB,CAM,1,0.03
21-Jul-2013,SW,Right,1,AMB,PAP,6,0.20
21-Jul-2013,SW,Right,2,AMB,FUH,37,1.23
21-Jul-2013,SW,Right,2,AMB,CAM,1,0.03
21-Jul-2013,SW,Right,2,AMB,PAP,3,0.10
21-Jul-2013,SW,Right,2,AMB,MEM,15,0.50
21-Jul-2013,SW,Right,4,AMB,FUH,1,0.03
21-Jul-2013,SW,Right,4,AMB,CAM,1,0.03
21-Jul-2013,SW,Right,4,AMB,MEM,14,0.47
21-Jul-2013,SW,Left,1,AMB,FUH,49,1.63
21-Jul-2013,SW,Left,1,AMB,CAM,1,0.03
21-Jul-2013,SW,Left,1,AMB,PAP,9,0.30
21-Jul-2013,SW,Left,1,AMB,MEM,2,0.07
21-Jul-2013,SW,Left,2,AMB,FUH,45,1.50
21-Jul-2013,SW,Left,2,AMB,PAP,22,0.73
21-Jul-2013,SW,Left,2,AMB,MEM,1,0.03
21-Jul-2013,SW,Left,2,AMB,CAM,3,0.10
21-Jul-2013,SW,Left,3,AMB,FUH,50,1.67
21-Jul-2013,SW,Left,3,AMB,CAM,1,0.03
21-Jul-2013,SW,Left,3,AMB,PAP,9,0.30
21-Jul-2013,SW,Left,3,AMB,MEM,9,0.30
21-Jul-2013,SW,Left,4,AMB,FUH,33,1.10
21-Jul-2013,SW,Left,4,AMB,CAM,3,0.10
21-Jul-2013,SW,Left,4,AMB,PAP,6,0.20
21-Jul-2013,SW,Left,4,AMB,MEM,3,0.10
20-Jul-2013,WE,Right,1,AMB,FUH,64,2.13
20-Jul-2013,WE,Right,1,AMB,CAM,4,0.13
20-Jul-2013,WE,Right,2,AMB,FUH,40,1.33
20-Jul-2013,WE,Right,2,AMB,MEM,1,0.03
20-Jul-2013,WE,Right,2,AMB,CAM,1,0.03
20-Jul-2013,WE,Right,2,AMB,PAP,17,0.57
20-Jul-2013,WE,Right,3,AMB,FUH,96,3.20
20-Jul-2013,WE,Right,3,AMB,PAP,25,0.83
20-Jul-2013,WE,Right,3,AMB,MEM,16,0.53
20-Jul-2013,WE,Right,3,AMB,CAM,3,0.10
20-Jul-2013,WE,Right,4,AMB,FUH,34,1.13
20-Jul-2013,WE,Right,4,AMB,PAP,10,0.33
20-Jul-2013,WE,Left,1,AMB,FUH,96,3.20
20-Jul-2013,WE,Left,1,AMB,CAM,5,0.17
20-Jul-2013,WE,Left,1,AMB,PAP,37,1.23
20-Jul-2013,WE,Left,1,AMB,MEM,6,0.20
20-Jul-2013,WE,Left,2,AMB,FUH,42,1.40
20-Jul-2013,WE,Left,2,AMB,PAP,4,0.13
20-Jul-2013,WE,Left,3,AMB,FUH,269,8.97
20-Jul-2013,WE,Left,3,AMB,CAM,3,0.10
20-Jul-2013,WE,Left,3,AMB,PAP,18,0.60
20-Jul-2013,WE,Left,4,AMB,FUH,162,5.40
20-Jul-2013,WE,Left,4,AMB,PAP,5,0.17
20-Jul-2013,CL,Right,1,AMB,FUH,47,1.57
20-Jul-2013,CL,Right,1,AMB,CAM,1,0.03
20-Jul-2013,CL,Right,2,AMB,FUH,3,0.10
20-Jul-2013,CL,Right,2,AMB,MEM,1,0.03
20-Jul-2013,CL,Right,2,AMB,CAM,1,0.03
20-Jul-2013,CL,Right,3,AMB,FUH,82,2.73
20-Jul-2013,CL,Right,3,AMB,CAM,2,0.07
20-Jul-2013,CL,Right,4,AMB,FUH,97,3.23
20-Jul-2013,CL,Right,4,AMB,CAM,3,0.10
20-Jul-2013,CL,Right,4,AMB,PAP,3,0.10
21-Jul-2013,NE,Left,1,AMB,FUH,39,1.30
21-Jul-2013,NE,Left,1,AMB,CAM,2,0.07
21-Jul-2013,NE,Left,1,AMB,PAP,13,0.43
21-Jul-2013,NE,Left,2,AMB,FUH,26,0.87
21-Jul-2013,NE,Left,2,AMB,CAM,1,0.03
21-Jul-2013,NE,Left,2,AMB,PAP,2,0.07
21-Jul-2013,NE,Left,3,AMB,FUH,7,0.23
21-Jul-2013,NE,Left,3,AMB,CAM,3,0.10
21-Jul-2013,NE,Left,3,AMB,PAP,1,0.03
21-Jul-2013,NE,Left,4,AMB,FUH,25,0.83
21-Jul-2013,NE,Left,4,AMB,CAM,2,0.07
21-Jul-2013,NE,Left,4,AMB,PAP,3,0.10
21-Jul-2013,NE,Left,4,AMB,MEM,1,0.03
20-Aug-2013,CL,Right,1,AMB,FUH,35,1.17
20-Aug-2013,CL,Right,1,AMB,CAM,4,0.13
20-Aug-2013,CL,Right,1,AMB,PAP,4,0.13
20-Aug-2013,CL,Right,3,AMB,CAM,5,0.17
20-Aug-2013,CL,Right,3,AMB,FUH,34,1.13
20-Aug-2013,CL,Right,3,AMB,MEM,4,0.13
20-Aug-2013,CL,Right,3,AMB,PAP,1,0.03
20-Aug-2013,CL,Right,4,AMB,CAM,5,0.17
20-Aug-2013,CL,Right,4,AMB,FUH,23,0.77
20-Aug-2013,CL,Right,4,AMB,MEM,26,0.87
20-Aug-2013,CL,Right,4,AMB,PAP,6,0.20
20-Aug-2013,NE,Left,1,AMB,FUH,20,0.67
20-Aug-2013,NE,Left,1,AMB,PAP,3,0.10
20-Aug-2013,NE,Left,1,AMB,MEM,2,0.07
20-Aug-2013,NE,Left,1,AMB,CAM,5,0.17
20-Aug-2013,NE,Left,2,AMB,FUH,45,1.50
20-Aug-2013,NE,Left,2,AMB,MEM,1,0.03
20-Aug-2013,NE,Left,2,AMB,PAP,43,1.43
20-Aug-2013,NE,Left,4,AMB,CAM,1,0.03
20-Aug-2013,NE,Left,4,AMB,FUH,68,2.27
20-Aug-2013,NE,Left,4,AMB,PAP,17,0.57
20-Aug-2013,SW,Right,2,AMB,CAM,2,0.07
20-Aug-2013,SW,Right,2,AMB,FUH,3,0.10
20-Aug-2013,SW,Right,3,AMB,CAM,7,0.23
20-Aug-2013,SW,Right,3,AMB,FUH,19,0.63
20-Aug-2013,SW,Right,3,AMB,PAP,21,0.70
20-Aug-2013,SW,Right,3,AMB,CRS,1,0.03
20-Aug-2013,SW,Right,4,AMB,CAM,4,0.13
20-Aug-2013,SW,Right,4,AMB,FUH,1,0.03
20-Aug-2013,SW,Left,1,AMB,CAM,1,0.03
20-Aug-2013,SW,Left,1,AMB,FUH,26,0.87
20-Aug-2013,SW,Left,1,AMB,PAP,17,0.57
20-Aug-2013,SW,Left,2,AMB,ANR,1,0.03
20-Aug-2013,SW,Left,2,AMB,FUH,13,0.43
20-Aug-2013,SW,Left,2,AMB,PAP,8,0.27
20-Aug-2013,SW,Left,2,AMB,CAM,3,0.10
20-Aug-2013,SW,Left,4,AMB,CAM,3,0.10
20-Aug-2013,SW,Left,4,AMB,FUH,34,1.13
20-Aug-2013,SW,Left,4,AMB,PAP,4,0.13
20-Aug-2013,SW,Left,4,AMB,MEM,1,0.03
20-Aug-2013,WE,Right,1,AMB,CAM,9,0.30
20-Aug-2013,WE,Right,1,AMB,FUH,13,0.43
20-Aug-2013,WE,Right,1,AMB,PAP,8,0.27
20-Aug-2013,WE,Right,2,AMB,ANR,2,0.07
20-Aug-2013,WE,Right,2,AMB,CAM,2,0.07
20-Aug-2013,WE,Right,2,AMB,FUH,28,0.93
20-Aug-2013,WE,Right,2,AMB,PAP,58,1.93
20-Aug-2013,WE,Right,3,AMB,CAM,2,0.07
20-Aug-2013,WE,Right,3,AMB,FUH,120,4.00
20-Aug-2013,WE,Right,3,AMB,PAP,88,2.93
20-Aug-2013,WE,Right,3,AMB,MEM,22,0.73
20-Aug-2013,WE,Right,4,AMB,CAM,5,0.17
20-Aug-2013,WE,Right,4,AMB,ANR,1,0.03
20-Aug-2013,WE,Right,4,AMB,FUH,67,2.23
20-Aug-2013,WE,Right,4,AMB,PAP,37,1.23
20-Aug-2013,WE,Left,2,AMB,CAM,1,0.03
20-Aug-2013,WE,Left,2,AMB,FUH,21,0.70
20-Aug-2013,WE,Left,2,AMB,PAP,78,2.60
20-Aug-2013,WE,Left,3,AMB,FUH,170,5.67
20-Aug-2013,WE,Left,3,AMB,CAM,3,0.10
20-Aug-2013,WE,Left,3,AMB,PAP,96,3.20
20-Aug-2013,WE,Left,4,AMB,FUH,98,3.27
20-Aug-2013,WE,Left,4,AMB,PAP,26,0.87
19-Jun-2014,CL,Right,1,AMB,FUH,1,0.03
19-Jun-2014,CL,Right,1,AMB,CAM,2,0.07
19-Jun-2014,CL,Right,1,AMB,PAP,5,0.17
19-Jun-2014,CL,Right,2,AMB,FUH,3,0.10
19-Jun-2014,CL,Right,2,AMB,PAP,1,0.03
19-Jun-2014,CL,Right,2,AMB,CAM,2,0.07
19-Jun-2014,CL,Right,3,AMB,Stickleback,1,0.03
19-Jun-2014,CL,Right,3,AMB,PAP,5,0.17
19-Jun-2014,CL,Right,3,AMB,FUH,2,0.07
19-Jun-2014,CL,Right,4,AMB,CAM,2,0.07
19-Jun-2014,CL,Right,4,AMB,PAP,1,0.03
19-Jun-2014,SW,Right,1,AMB,FUH,1,0.03
19-Jun-2014,SW,Right,2,AMB,PAP,4,0.13
19-Jun-2014,SW,Right,3,AMB,FUH,3,0.10
19-Jun-2014,SW,Right,3,AMB,PAP,6,0.20
19-Jun-2014,SW,Right,4,AMB,FUH,3,0.10
19-Jun-2014,SW,Right,4,AMB,PUN,1,0.03
19-Jun-2014,SW,Right,4,AMB,PAP,13,0.43
19-Jun-2014,SW,Left,1,AMB,CAM,1,0.03
19-Jun-2014,SW,Left,1,AMB,PAP,36,1.20
19-Jun-2014,SW,Left,2,AMB,FUH,1,0.03
19-Jun-2014,SW,Left,2,AMB,PAP,1,0.03
19-Jun-2014,SW,Left,3,AMB,FUH,1,0.03
19-Jun-2014,SW,Left,3,AMB,PAP,3,0.10
19-Jun-2014,SW,Left,4,AMB,PAP,2,0.07
19-Jun-2014,SW,Left,4,AMB,FUH,5,0.17
18-Jun-2014,WE,Right,1,AMB,CAM,1,0.03
18-Jun-2014,WE,Right,1,AMB,PUN,2,0.07
18-Jun-2014,WE,Right,1,AMB,PAP,47,1.57
18-Jun-2014,WE,Right,2,AMB,PAP,9,0.30
18-Jun-2014,WE,Right,2,AMB,CRS,1,0.03
18-Jun-2014,WE,Right,3,AMB,PUN,1,0.03
18-Jun-2014,WE,Right,3,AMB,PAP,17,0.57
18-Jun-2014,WE,Right,4,AMB,PAP,2,0.07
18-Jun-2014,WE,Right,4,AMB,FUH,1,0.03
18-Jun-2014,WE,Left,1,AMB,FUH,3,0.10
18-Jun-2014,WE,Left,1,AMB,PAP,101,3.37
18-Jun-2014,WE,Left,1,AMB,CRS,1,0.03
18-Jun-2014,WE,Left,2,AMB,PAP,61,2.03
18-Jun-2014,WE,Left,4,AMB,FUH,18,0.60
18-Jun-2014,WE,Left,4,AMB,PAP,47,1.57
17-Jul-2014,CL,Right,1,AMB,FUH,28,0.93
17-Jul-2014,CL,Right,1,AMB,MEM,17,0.57
17-Jul-2014,CL,Right,2,AMB,FUH,104,3.47
17-Jul-2014,CL,Right,2,AMB,MEM,54,1.80
17-Jul-2014,CL,Right,2,AMB,PAP,1,0.03
17-Jul-2014,CL,Right,3,AMB,FUH,27,0.90
17-Jul-2014,CL,Right,3,AMB,MEM,2,0.07
17-Jul-2014,CL,Right,3,AMB,CAM,1,0.03
17-Jul-2014,CL,Right,4,AMB,FUH,15,0.50
17-Jul-2014,CL,Right,4,AMB,MEM,1,0.03
17-Jul-2014,CL,Right,4,AMB,PAP,5,0.17
18-Jul-2014,NE,Left,1,AMB,FUH,2,0.07
18-Jul-2014,NE,Left,1,AMB,PAP,4,0.13
18-Jul-2014,NE,Left,2,AMB,FUH,55,1.83
18-Jul-2014,NE,Left,3,AMB,FUH,156,5.20
18-Jul-2014,NE,Left,4,AMB,FUH,35,1.17
18-Jul-2014,NE,Left,4,AMB,PAP,1,0.03
18-Jul-2014,SW,Right,1,AMB,ANR,1,0.03
18-Jul-2014,SW,Right,1,AMB,FUH,12,0.40
18-Jul-2014,SW,Right,2,AMB,FUH,47,1.57
18-Jul-2014,SW,Right,2,AMB,PAP,6,0.20
18-Jul-2014,SW,Right,3,AMB,FUH,21,0.70
18-Jul-2014,SW,Right,4,AMB,FUH,106,3.53
18-Jul-2014,SW,Left,1,AMB,FUH,129,4.30
18-Jul-2014,SW,Left,1,AMB,PAP,16,0.53
18-Jul-2014,SW,Left,2,AMB,FUH,114,3.80
18-Jul-2014,SW,Left,2,AMB,PUN,1,0.03
18-Jul-2014,SW,Left,2,AMB,PAP,20,0.67
18-Jul-2014,SW,Left,3,AMB,FUH,38,1.27
18-Jul-2014,SW,Left,3,AMB,PAP,1,0.03
18-Jul-2014,SW,Left,4,AMB,ANR,1,0.03
18-Jul-2014,SW,Left,4,AMB,FUH,65,2.17
17-Jul-2014,WE,Right,1,AMB,FUH,49,1.63
17-Jul-2014,WE,Right,1,AMB,PUN,1,0.03
17-Jul-2014,WE,Right,1,AMB,MEM,13,0.43
17-Jul-2014,WE,Right,1,AMB,PAP,18,0.60
17-Jul-2014,WE,Right,2,AMB,FUH,43,1.43
17-Jul-2014,WE,Right,2,AMB,PUN,1,0.03
17-Jul-2014,WE,Right,2,AMB,MEM,23,0.77
17-Jul-2014,WE,Right,2,AMB,PAP,69,2.30
17-Jul-2014,WE,Right,3,AMB,FUH,175,5.83
17-Jul-2014,WE,Right,3,AMB,MEM,3,0.10
17-Jul-2014,WE,Right,3,AMB,PUN,2,0.07
17-Jul-2014,WE,Right,3,AMB,PAP,22,0.73
17-Jul-2014,WE,Right,4,AMB,FUH,128,4.27
17-Jul-2014,WE,Right,4,AMB,PAP,46,1.53
17-Jul-2014,WE,Left,1,AMB,FUH,27,0.90
17-Jul-2014,WE,Left,1,AMB,MEM,1,0.03
17-Jul-2014,WE,Left,1,AMB,CAM,1,0.03
17-Jul-2014,WE,Left,1,AMB,PAP,61,2.03
17-Jul-2014,WE,Left,2,AMB,FUH,68,2.27
17-Jul-2014,WE,Left,2,AMB,MEM,8,0.27
17-Jul-2014,WE,Left,2,AMB,PUN,2,0.07
17-Jul-2014,WE,Left,2,AMB,PAP,47,1.57
17-Jul-2014,WE,Left,3,AMB,FUH,74,2.47
17-Jul-2014,WE,Left,3,AMB,PUN,1,0.03
17-Jul-2014,WE,Left,3,AMB,PAP,16,0.53
17-Jul-2014,WE,Left,4,AMB,FUH,13,0.43
17-Jul-2014,WE,Left,4,AMB,PAP,39,1.30
15-Aug-2014,CL,Right,1,AMB,FUH,97,3.23
15-Aug-2014,CL,Right,1,AMB,PAP,1,0.03
15-Aug-2014,CL,Right,1,AMB,CAM,1,0.03
15-Aug-2014,CL,Right,2,AMB,FUH,52,1.73
15-Aug-2014,CL,Right,2,AMB,CAM,1,0.03
15-Aug-2014,CL,Right,3,AMB,FUH,31,1.03
15-Aug-2014,CL,Right,3,AMB,PAP,6,0.20
15-Aug-2014,CL,Right,3,AMB,CAM,5,0.17
15-Aug-2014,CL,Right,4,AMB,FUH,32,1.07
15-Aug-2014,CL,Right,4,AMB,MEM,1,0.03
15-Aug-2014,CL,Right,4,AMB,PAP,2,0.07
15-Aug-2014,CL,Right,4,AMB,CAM,1,0.03
15-Aug-2014,NE,Left,2,AMB,FUH,62,2.07
15-Aug-2014,NE,Left,2,AMB,PAP,32,1.07
15-Aug-2014,NE,Left,3,AMB,FUH,112,3.73
15-Aug-2014,NE,Left,3,AMB,PAP,20,0.67
15-Aug-2014,NE,Left,4,AMB,FUH,109,3.63
15-Aug-2014,NE,Left,4,AMB,MEM,2,0.07
15-Aug-2014,NE,Left,4,AMB,PAP,8,0.27
08-Aug-2014,SW,Right,1,AMB,FUH,5,0.17
08-Aug-2014,SW,Right,1,AMB,PAP,5,0.17
08-Aug-2014,SW,Right,2,AMB,FUH,25,0.83
08-Aug-2014,SW,Right,2,AMB,PAP,30,1.00
08-Aug-2014,SW,Right,2,AMB,ANR,1,0.03
08-Aug-2014,SW,Right,3,AMB,FUH,11,0.37
08-Aug-2014,SW,Right,3,AMB,MEM,1,0.03
08-Aug-2014,SW,Right,3,AMB,PAP,2,0.07
08-Aug-2014,SW,Right,3,AMB,CAM,1,0.03
08-Aug-2014,SW,Right,4,AMB,FUH,11,0.37
08-Aug-2014,SW,Right,4,AMB,MEM,4,0.13
08-Aug-2014,SW,Right,4,AMB,PAP,2,0.07
08-Aug-2014,SW,Left,1,AMB,FUH,31,1.03
08-Aug-2014,SW,Left,1,AMB,MEM,11,0.37
08-Aug-2014,SW,Left,1,AMB,PAP,41,1.37
08-Aug-2014,SW,Left,1,AMB,ANR,1,0.03
08-Aug-2014,SW,Left,2,AMB,FUH,7,0.23
08-Aug-2014,SW,Left,2,AMB,PAP,11,0.37
08-Aug-2014,SW,Left,2,AMB,ANR,1,0.03
08-Aug-2014,SW,Left,3,AMB,FUH,22,0.73
08-Aug-2014,SW,Left,3,AMB,PAP,1,0.03
08-Aug-2014,SW,Left,3,AMB,ANR,1,0.03
08-Aug-2014,SW,Left,4,AMB,FUH,47,1.57
08-Aug-2014,SW,Left,4,AMB,MEM,30,1.00
08-Aug-2014,SW,Left,4,AMB,PAP,14,0.47
08-Aug-2014,SW,Left,4,AMB,ANR,2,0.07
08-Aug-2014,WE,Right,1,AMB,FUH,55,1.83
08-Aug-2014,WE,Right,1,AMB,PAP,72,2.40
08-Aug-2014,WE,Right,2,AMB,FUH,13,0.43
08-Aug-2014,WE,Right,2,AMB,MEM,8,0.27
08-Aug-2014,WE,Right,2,AMB,PAP,19,0.63
08-Aug-2014,WE,Right,2,AMB,ANR,1,0.03
08-Aug-2014,WE,Right,3,AMB,FUH,216,7.20
08-Aug-2014,WE,Right,3,AMB,MEM,1,0.03
08-Aug-2014,WE,Right,3,AMB,CRS,2,0.07
08-Aug-2014,WE,Right,3,AMB,PAP,67,2.23
08-Aug-2014,WE,Right,3,AMB,CAM,1,0.03
08-Aug-2014,WE,Right,3,AMB,ANR,2,0.07
08-Aug-2014,WE,Right,4,AMB,FUH,68,2.27
08-Aug-2014,WE,Right,4,AMB,MEM,1,0.03
08-Aug-2014,WE,Right,4,AMB,CRS,4,0.13
08-Aug-2014,WE,Right,4,AMB,PAP,29,0.97
15-Aug-2014,WE,Left,1,AMB,FUH,59,1.97
15-Aug-2014,WE,Left,1,AMB,MEM,10,0.33
15-Aug-2014,WE,Left,1,AMB,PUP,1,0.03
15-Aug-2014,WE,Left,1,AMB,PAP,72,2.40
15-Aug-2014,WE,Left,2,AMB,FUH,57,1.90
15-Aug-2014,WE,Left,2,AMB,MEM,1,0.03
15-Aug-2014,WE,Left,2,AMB,PAP,103,3.43
15-Aug-2014,WE,Left,3,AMB,FUH,50,1.67
15-Aug-2014,WE,Left,3,AMB,MEM,5,0.17
15-Aug-2014,WE,Left,3,AMB,PAP,75,2.50
15-Aug-2014,WE,Left,4,AMB,FUH,15,0.50
15-Aug-2014,WE,Left,4,AMB,PAP,41,1.37
15-Aug-2014,WE,Left,4,AMB,CAM,2,0.07
13-Sep-2014,CL,Right,1,AMB,FUH,68,2.27
13-Sep-2014,CL,Right,1,AMB,PAP,2,0.07
13-Sep-2014,CL,Right,1,AMB,CAM,2,0.07
13-Sep-2014,CL,Right,2,AMB,FUH,27,0.90
13-Sep-2014,CL,Right,3,AMB,FUH,72,2.40
13-Sep-2014,CL,Right,4,AMB,FUH,67,2.23
13-Sep-2014,CL,Right,4,AMB,PAP,9,0.30
13-Sep-2014,SW,Right,1,AMB,FUH,41,1.37
13-Sep-2014,SW,Right,2,AMB,FUH,86,2.87
13-Sep-2014,SW,Right,2,AMB,PAP,1,0.03
13-Sep-2014,SW,Right,3,AMB,FUH,17,0.57
13-Sep-2014,SW,Right,3,AMB,PAP,1,0.03
13-Sep-2014,SW,Right,4,AMB,FUH,13,0.43
13-Sep-2014,SW,Left,1,AMB,FUH,141,4.70
13-Sep-2014,SW,Left,2,AMB,FUH,103,3.43
13-Sep-2014,SW,Left,2,AMB,GAA,1,0.03
13-Sep-2014,SW,Left,2,AMB,PAP,15,0.50
13-Sep-2014,SW,Left,3,AMB,FUH,135,4.50
13-Sep-2014,SW,Left,3,AMB,PAP,20,0.67
13-Sep-2014,SW,Left,3,AMB,CAM,1,0.03
13-Sep-2014,SW,Left,4,AMB,FUH,43,1.43
13-Sep-2014,SW,Left,4,AMB,PAP,4,0.13
13-Sep-2014,SW,Left,4,AMB,ANR,1,0.03
12-Sep-2014,WE,Right,1,AMB,FUH,60,2.00
12-Sep-2014,WE,Right,1,AMB,MEM,1,0.03
12-Sep-2014,WE,Right,1,AMB,PAP,58,1.93
12-Sep-2014,WE,Right,1,AMB,CAM,2,0.07
12-Sep-2014,WE,Right,2,AMB,FUH,15,0.50
12-Sep-2014,WE,Right,2,AMB,MEM ,15,0.50
12-Sep-2014,WE,Right,2,AMB,PAP,11,0.37
12-Sep-2014,WE,Right,2,AMB,CAM,1,0.03
12-Sep-2014,WE,Right,3,AMB,FUH,90,3.00
12-Sep-2014,WE,Right,3,AMB,MEM,6,0.20
12-Sep-2014,WE,Right,3,AMB,PAP,61,2.03
12-Sep-2014,WE,Right,3,AMB,CAM,1,0.03
12-Sep-2014,WE,Right,4,AMB,FUH,185,6.17
12-Sep-2014,WE,Right,4,AMB,MEM,3,0.10
12-Sep-2014,WE,Right,4,AMB,PAP,68,2.27
12-Sep-2014,WE,Left,1,AMB,FUH,120,4.00
12-Sep-2014,WE,Left,1,AMB,MEM,3,0.10
12-Sep-2014,WE,Left,1,AMB,PAP,157,5.23
12-Sep-2014,WE,Left,2,AMB,FUH,99,3.30
12-Sep-2014,WE,Left,2,AMB,MEM,2,0.07
12-Sep-2014,WE,Left,2,AMB,PAP,55,1.83
12-Sep-2014,WE,Left,2,AMB,CAM,1,0.03
12-Sep-2014,WE,Left,3,AMB,FUH,13,0.43
12-Sep-2014,WE,Left,3,AMB,MEM,1,0.03
12-Sep-2014,WE,Left,3,AMB,PAP,81,2.70
12-Sep-2014,WE,Left,3,AMB,CAM,1,0.03
12-Sep-2014,WE,Left,4,AMB,FUH,72,2.40
12-Sep-2014,WE,Left,4,AMB,MEM,1,0.03
12-Sep-2014,WE,Left,4,AMB,PAP,106,3.53
12-Sep-2014,WE,Left,4,AMB,ANR,2,0.07
21-Aug-2012,WE,Right,3,AMB,CAM,2,0.07
21-Aug-2012,WE,Right,3,AMB,FUH,4,0.13
21-Aug-2012,WE,Right,4,AMB,CAM,2,0.07
21-Aug-2012,WE,Right,4,AMB,FUH,8,0.27
21-Aug-2012,WE,Right,4,AMB,PAP,4,0.13
21-Aug-2012,WE,Right,2,AMB,FUH,43,1.43
21-Aug-2012,WE,Right,2,AMB,PAP,29,0.97
21-Aug-2012,WE,Left,3,AMB,FUH,60,2.00
21-Aug-2012,WE,Left,3,AMB,PAP,44,1.47
21-Aug-2012,WE,Left,3,AMB,CAM,1,0.03
21-Aug-2012,WE,Left,4,AMB,CAM,2,0.07
21-Aug-2012,WE,Left,4,AMB,FUH,40,1.33
21-Aug-2012,WE,Left,4,AMB,ANR,1,0.03
21-Aug-2012,WE,Left,4,AMB,PAP,30,1.00
21-Aug-2012,SW,Left,1,AMB,CAM,1,0.03
21-Aug-2012,SW,Left,1,AMB,FUH,36,1.20
21-Aug-2012,SW,Left,1,AMB,PAP,2,0.07
15-Sep-2012,CL,Right,1,AMB,FUH,13,0.43
15-Sep-2012,CL,Right,2,AMB,FUH,3,0.10
15-Sep-2012,CL,Right,3,AMB,FUH,1,0.03
15-Sep-2012,CL,Right,4,AMB,FUH,2,0.07
15-Sep-2012,SW,Left,1,AMB,FUH,5,0.17
15-Sep-2012,SW,Left,1,AMB,CAM,1,0.03
15-Sep-2012,SW,Left,3,AMB,FUH,12,0.40
15-Sep-2012,SW,Left,3,AMB,CRS,1,0.03
15-Sep-2012,SW,Left,4,AMB,FUH,9,0.30
15-Sep-2012,SW,Right,1,AMB,FUH,2,0.07
15-Sep-2012,SW,Right,2,AMB,FUH,21,0.70
15-Sep-2012,SW,Right,2,AMB,CAM,2,0.07
15-Sep-2012,SW,Right,3,AMB,FUH,19,0.63
15-Sep-2012,SW,Right,4,AMB,FUH,8,0.27
15-Sep-2012,SW,Right,4,AMB,CAM,1,0.03
15-Sep-2012,WE,Left,1,AMB,FUH,66,2.20
15-Sep-2012,WE,Left,2,AMB,FUH,17,0.57
15-Sep-2012,WE,Left,2,AMB,CAM,1,0.03
15-Sep-2012,WE,Left,2,AMB,ANR,1,0.03
15-Sep-2012,WE,Left,2,AMB,PAP,15,0.50
15-Sep-2012,WE,Left,3,AMB,FUH,1,0.03
15-Sep-2012,WE,Left,4,AMB,CAM,1,0.03
15-Sep-2012,WE,Right,1,AMB,FUH,28,0.93
15-Sep-2012,WE,Right,2,AMB,FUH,38,1.27
15-Sep-2012,WE,Right,3,AMB,FUH,22,0.73
15-Sep-2012,WE,Right,4,AMB,FUH,4,0.13
15-Sep-2012,WE,Right,4,AMB,CAM,4,0.13
17-Oct-2012,CL,Right,1,AMB,FUH,7,0.23
17-Oct-2012,CL,Right,2,AMB,FUH,1,0.03
17-Oct-2012,CL,Right,4,AMB,FUH,1,0.03
17-Oct-2012,SW,Left,1,AMB,FUH,2,0.07
17-Oct-2012,SW,Left,1,AMB,CAM,1,0.03
17-Oct-2012,SW,Left,3,AMB,FUH,7,0.23
17-Oct-2012,SW,Left,3,AMB,CRS,1,0.03
17-Oct-2012,SW,Left,4,AMB,FUH,6,0.20
17-Oct-2012,SW,Right,1,AMB,FUH,2,0.07
17-Oct-2012,SW,Right,2,AMB,FUH,9,0.30
17-Oct-2012,SW,Right,2,AMB,CAM,2,0.07
17-Oct-2012,SW,Right,3,AMB,FUH,6,0.20
17-Oct-2012,SW,Right,4,AMB,FUH,3,0.10
17-Oct-2012,SW,Right,4,AMB,CAM,1,0.03
17-Oct-2012,WE,Left,1,AMB,FUH,23,0.77
17-Oct-2012,WE,Left,2,AMB,FUH,6,0.20
17-Oct-2012,WE,Left,2,AMB,ANR,1,0.03
17-Oct-2012,WE,Left,2,AMB,CAM,1,0.03
17-Oct-2012,WE,Left,2,AMB,PAP,7,0.23
17-Oct-2012,WE,Left,3,AMB,FUH,1,0.03
17-Oct-2012,WE,Left,4,AMB,CAM,1,0.03
17-Oct-2012,WE,Right,1,AMB,FUH,24,0.80
17-Oct-2012,WE,Right,2,AMB,FUH,27,0.90
17-Oct-2012,WE,Right,3,AMB,FUH,13,0.43
17-Oct-2012,WE,Right,4,AMB,FUH,3,0.10
17-Oct-2012,WE,Right,4,AMB,CAM,2,0.07
19-Jun-2015,WE,Left,1,AMB,FUH,3,0.10
19-Jun-2015,WE,Left,3,AMB,FUH,6,0.20
19-Jun-2015,WE,Right,1,AMB,FUH,12,0.40
19-Jun-2015,WE,Right,2,AMB,FUH,5,0.17
19-Jun-2015,WE,Right,2,AMB,PAP,2,0.07
19-Jun-2015,WE,Right,3,AMB,FUH,38,1.27
19-Jun-2015,WE,Right,3,AMB,PAP,3,0.10
19-Jun-2015,WE,Right,4,AMB,FUH,7,0.23
20-Jun-2015,CL,Right,2,AMB,FUH,8,0.27
20-Jun-2015,CL,Right,2,AMB,PAP,6,0.20
20-Jun-2015,CL,Right,4,AMB,FUH,4,0.13
20-Jun-2015,SW,Left,1,AMB,FUH,2,0.07
20-Jun-2015,SW,Left,1,AMB,PAP,3,0.10
20-Jun-2015,SW,Left,2,AMB,FUH,2,0.07
20-Jun-2015,SW,Left,3,AMB,FUH,13,0.43
20-Jun-2015,SW,Left,3,AMB,PAP,2,0.07
20-Jun-2015,SW,Left,4,AMB,FUH,5,0.17
20-Jun-2015,SW,Left,4,AMB,PAP,1,0.03
20-Jun-2015,SW,Right,1,AMB,FUH,15,0.50
20-Jun-2015,SW,Right,1,AMB,PAP,4,0.13
20-Jun-2015,SW,Right,2,AMB,FUH,2,0.07
20-Jun-2015,SW,Right,3,AMB,PAP,2,0.07
20-Jun-2015,SW,Right,4,AMB,FUH,56,1.87
16-Jul-2015,CL,Right,1,AMB,FUH,50,1.67
16-Jul-2015,CL,Right,1,AMB,MEM,13,0.43
16-Jul-2015,CL,Right,2,AMB,FUH,24,0.80
16-Jul-2015,CL,Right,2,AMB,MEM,6,0.20
16-Jul-2015,CL,Right,2,AMB,PAP,1,0.03
16-Jul-2015,CL,Right,3,AMB,FUH,30,1.00
16-Jul-2015,CL,Right,3,AMB,PAP,4,0.13
16-Jul-2015,CL,Right,3,AMB,MEM,2,0.07
16-Jul-2015,CL,Right,4,AMB,FUH,21,0.70
16-Jul-2015,CL,Right,4,AMB,PAP,1,0.03
16-Jul-2015,CL,Right,4,AMB,CAM,2,0.07
16-Jul-2015,WE,Right,1,AMB,FUH,34,1.13
16-Jul-2015,WE,Right,1,AMB,ANR,1,0.03
16-Jul-2015,WE,Right,2,AMB,FUH,25,0.83
16-Jul-2015,WE,Right,2,AMB,PAP,5,0.17
16-Jul-2015,WE,Right,2,AMB,MEM,10,0.33
16-Jul-2015,WE,Right,3,AMB,FUH,256,8.53
16-Jul-2015,WE,Right,3,AMB,PAP,4,0.13
16-Jul-2015,WE,Right,3,AMB,MEM,1,0.03
16-Jul-2015,WE,Right,4,AMB,FUH,19,0.63
16-Jul-2015,WE,Right,4,AMB,PAP,1,0.03
17-Jul-2015,NE,Left,1,AMB,FUH,21,0.70
17-Jul-2015,NE,Left,1,AMB,PAP,1,0.03
17-Jul-2015,NE,Left,2,AMB,FUH,54,1.80
17-Jul-2015,NE,Left,3,AMB,FUH,8,0.27
17-Jul-2015,NE,Left,4,AMB,FUH,25,0.83
17-Jul-2015,SW,Left,1,AMB,FUH,74,2.47
17-Jul-2015,SW,Left,1,AMB,PAP,6,0.20
17-Jul-2015,SW,Left,2,AMB,FUH,18,0.60
17-Jul-2015,SW,Left,2,AMB,PAP,3,0.10
17-Jul-2015,SW,Left,2,AMB,ANR,1,0.03
17-Jul-2015,SW,Left,3,AMB,FUH,150,5.00
17-Jul-2015,SW,Left,3,AMB,PAP,2,0.07
17-Jul-2015,SW,Left,4,AMB,FUH,1,0.03
17-Jul-2015,SW,Right,1,AMB,FUH,48,1.60
17-Jul-2015,SW,Right,1,AMB,PAP,4,0.13
17-Jul-2015,SW,Right,1,AMB,ANR,1,0.03
17-Jul-2015,SW,Right,3,AMB,FUH,1,0.03
17-Jul-2015,SW,Right,4,AMB,FUH,6,0.20
17-Jul-2015,SW,Right,4,AMB,MEM,2,0.07
17-Jul-2015,SW,Right,4,AMB,PUP,2,0.07
18-Jul-2015,WE,Left,1,AMB,FUH,72,2.40
18-Jul-2015,WE,Left,1,AMB,PAP,2,0.07
18-Jul-2015,WE,Left,2,AMB,FUH,21,0.70
18-Jul-2015,WE,Left,2,AMB,PAP,2,0.07
18-Jul-2015,WE,Left,3,AMB,FUH,35,1.17
18-Jul-2015,WE,Left,3,AMB,PAP,1,0.03
18-Jul-2015,WE,Left,4,AMB,FUH,33,1.10
10-Aug-2015,SW,Left,1,AMB,FUH,28,0.93
10-Aug-2015,SW,Left,1,AMB,PAP,4,0.13
10-Aug-2015,SW,Left,1,AMB,ANR,1,0.03
10-Aug-2015,SW,Left,2,AMB,FUH,3,0.10
10-Aug-2015,SW,Left,3,AMB,FUH,59,1.97
10-Aug-2015,SW,Left,3,AMB,PAP,2,0.07
10-Aug-2015,SW,Left,4,AMB,FUH,13,0.43
10-Aug-2015,SW,Right,1,AMB,FUH,34,1.13
10-Aug-2015,SW,Right,2,AMB,FUH,51,1.70
10-Aug-2015,SW,Right,2,AMB,PAP,4,0.13
10-Aug-2015,SW,Right,2,AMB,CRC,1,0.03
10-Aug-2015,SW,Right,2,AMB,ANR,1,0.03
10-Aug-2015,SW,Right,3,AMB,FUH,17,0.57
10-Aug-2015,SW,Right,4,AMB,FUH,21,0.70
10-Aug-2015,WE,Right,1,AMB,FUH,73,2.43
10-Aug-2015,WE,Right,2,AMB,FUH,151,5.03
10-Aug-2015,WE,Right,2,AMB,PAP,1,0.03
10-Aug-2015,WE,Right,3,AMB,FUH,47,1.57
10-Aug-2015,WE,Right,3,AMB,PAP,3,0.10
10-Aug-2015,WE,Right,4,AMB,FUH,22,0.73
10-Aug-2015,WE,Right,4,AMB,PAP,9,0.30
12-Aug-2015,CL,Right,1,AMB,FUH,89,2.97
12-Aug-2015,CL,Right,1,AMB,PAP,1,0.03
12-Aug-2015,CL,Right,1,AMB,CAM,1,0.03
12-Aug-2015,CL,Right,2,AMB,FUH,84,2.80
12-Aug-2015,CL,Right,3,AMB,FUH,66,2.20
12-Aug-2015,CL,Right,4,AMB,FUH,35,1.17
12-Aug-2015,CL,Right,4,AMB,FUH,98,3.27
12-Aug-2015,CL,Right,4,AMB,ANR,1,0.03
12-Aug-2015,NE,Left,1,AMB,FUH,81,2.70
12-Aug-2015,NE,Left,1,AMB,ANR,1,0.03
12-Aug-2015,NE,Left,1,AMB,PAP,4,0.13
12-Aug-2015,NE,Left,2,AMB,FUH,57,1.90
12-Aug-2015,NE,Left,2,AMB,PAP,8,0.27
12-Aug-2015,NE,Left,3,AMB,FUH,34,1.13
12-Aug-2015,NE,Left,4,AMB,FUH,26,0.87
12-Aug-2015,WE,Left,1,AMB,FUH,85,2.83
12-Aug-2015,WE,Left,1,AMB,PAP,1,0.03
12-Aug-2015,WE,Left,2,AMB,FUH,97,3.23
12-Aug-2015,WE,Left,2,AMB,PAP,10,0.33
12-Aug-2015,WE,Left,2,AMB,CAM,1,0.03
12-Aug-2015,WE,Left,2,AMB,ANR,1,0.03
12-Aug-2015,WE,Left,3,AMB,FUH,173,5.77
12-Aug-2015,WE,Left,3,AMB,PAP,7,0.23
12-Aug-2015,WE,Left,4,AMB,FUH,56,1.87
12-Aug-2015,WE,Left,4,AMB,PAP,4,0.13
24-Sep-2015,NE,Left,1,AMB,FUH,86,2.87
24-Sep-2015,NE,Left,1,AMB,CAM,1,0.03
24-Sep-2015,NE,Left,2,AMB,FUH,14,0.47
24-Sep-2015,NE,Left,3,AMB,FUH,18,0.60
24-Sep-2015,NE,Left,3,AMB,PAP,3,0.10
24-Sep-2015,NE,Left,4,AMB,FUH,11,0.37
24-Sep-2015,SW,Left,1,AMB,FUH,26,0.87
24-Sep-2015,SW,Left,1,AMB,PAP,2,0.07
24-Sep-2015,SW,Left,2,AMB,FUH,9,0.30
24-Sep-2015,SW,Left,3,AMB,FUH,73,2.43
24-Sep-2015,SW,Left,3,AMB,ANR,1,0.03
24-Sep-2015,SW,Left,4,AMB,FUH,17,0.57
24-Sep-2015,SW,Left,4,AMB,PAP,1,0.03
24-Sep-2015,SW,Left,4,AMB,UCP,1,0.03
24-Sep-2015,SW,Left,4,AMB,ANR,2,0.07
24-Sep-2015,SW,Right,1,AMB,FUH,51,1.70
24-Sep-2015,SW,Right,2,AMB,FUH,62,2.07
24-Sep-2015,SW,Right,3,AMB,FUH,13,0.43
24-Sep-2015,SW,Right,4,AMB,FUH,8,0.27
24-Sep-2015,SW,Right,4,AMB,PAP,2,0.07
25-Sep-2015,CL,Right,1,AMB,FUH,25,0.83
25-Sep-2015,CL,Right,2,AMB,FUH,46,1.53
25-Sep-2015,CL,Right,3,AMB,FUH,38,1.27
25-Sep-2015,CL,Right,3,AMB,ANR,1,0.03
25-Sep-2015,CL,Right,4,AMB,FUH,27,0.90
25-Sep-2015,CL,Right,4,AMB,PAP,2,0.07
25-Sep-2015,WE,Left,1,AMB,FUH,63,2.10
25-Sep-2015,WE,Left,1,AMB,PAP,18,0.60
25-Sep-2015,WE,Left,2,AMB,FUH,25,0.83
25-Sep-2015,WE,Left,2,AMB,PAP,2,0.07
25-Sep-2015,WE,Left,3,AMB,FUH,41,1.37
25-Sep-2015,WE,Left,3,AMB,PAP,8,0.27
25-Sep-2015,WE,Left,4,AMB,FUH,12,0.40
25-Sep-2015,WE,Left,4,AMB,PAP,8,0.27
25-Sep-2015,WE,Right,1,AMB,FUH,26,0.87
25-Sep-2015,WE,Right,1,AMB,PAP,1,0.03
25-Sep-2015,WE,Right,2,AMB,FUH,60,2.00
25-Sep-2015,WE,Right,2,AMB,PAP,31,1.03
25-Sep-2015,WE,Right,2,AMB,ANR,1,0.03
25-Sep-2015,WE,Right,3,AMB,FUH,49,1.63
25-Sep-2015,WE,Right,3,AMB,CRS,1,0.03
25-Sep-2015,WE,Right,3,AMB,PAP,55,1.83
25-Sep-2015,WE,Right,4,AMB,FUH,33,1.10
25-Sep-2015,WE,Right,4,AMB,CRS,1,0.03
25-Sep-2015,WE,Right,4,AMB,PAP,153,5.10
